[12:56:39] [main/INFO] (FabricLoader/GameProvider) Loading Minecraft 26.3 with Fabric Loader 0.19.5
[12:56:39] [main/INFO] (FabricLoader/Mappings) Mappings not present!
[12:56:40] [main/INFO] (FabricLoader) Loading 56 mods:
	- cgs 1.4.9+26.3
	- cgs_smoketest 1.0.0
	- create 6.0.9-1
	- fabric-advancement-api-v1 1.0.0+38c7a2d55d
	- fabric-api 0.161.0+26.3
	- fabric-api-base 2.0.6+fcdff87f5d
	- fabric-api-lookup-api-v1 2.0.24+3434d6d95d
	- fabric-biome-api-v1 20.0.9+74ed1ea55d
	- fabric-block-api-v1 3.1.0+0ae6f9115d
	- fabric-block-getter-api-v2 2.0.9+3434d6d95d
	- fabric-client-gametest-api-v1 6.0.7+4be74c3f5d
	- fabric-command-api-v2 3.1.2+fcdff87f5d
	- fabric-content-registries-v0 15.0.4+74ed1ea55d
	- fabric-convention-tags-v2 4.10.3+6b5b47fd5d
	- fabric-crash-report-info-v1 1.0.7+fcdff87f5d
	- fabric-creative-tab-api-v1 5.0.21+fcdff87f5d
	- fabric-data-attachment-api-v1 2.2.30+3434d6d95d
	- fabric-data-generation-api-v1 27.2.4+427eab975d
	- fabric-debug-api-v1 1.0.4+3434d6d95d
	- fabric-dimensions-v1 5.1.19+47f74c985d
	- fabric-entity-events-v1 6.0.4+3434d6d95d
	- fabric-events-interaction-v0 5.3.6+3434d6d95d
	- fabric-game-rule-api-v1 4.0.10+3434d6d95d
	- fabric-gametest-api-v1 4.0.32+3434d6d95d
	- fabric-item-api-v1 14.7.0+cf6bc2db5d
	- fabric-key-mapping-api-v1 2.0.8+3434d6d95d
	- fabric-lifecycle-events-v1 4.1.9+ffef5f675d
	- fabric-loot-api-v3 4.0.8+4068fd645d
	- fabric-menu-api-v1 2.0.27+ed66f0a35d
	- fabric-message-api-v1 7.0.10+3434d6d95d
	- fabric-model-loading-api-v1 8.0.35+fcdff87f5d
	- fabric-networking-api-v1 6.3.8+fcdff87f5d
	- fabric-object-builder-api-v1 24.1.9+3434d6d95d
	- fabric-particles-v1 5.0.24+3434d6d95d
	- fabric-permission-api-v1 1.0.8+fcdff87f5d
	- fabric-recipe-api-v1 10.0.8+fcdff87f5d
	- fabric-registry-sync-v0 8.0.1+fcdff87f5d
	- fabric-renderer-api-v1 17.0.15+79385d0b5d
	- fabric-renderer-indigo 9.1.23+b9d63e335d
	- fabric-rendering-fluids-v1 6.0.6+3434d6d95d
	- fabric-rendering-v1 27.0.14+901a437c5d
	- fabric-resource-conditions-api-v1 6.1.5+3434d6d95d
	- fabric-resource-loader-v0 3.3.26+4fc5413f5d
	- fabric-resource-loader-v1 3.0.4+fcdff87f5d
	- fabric-screen-api-v1 5.2.4+48607d035d
	- fabric-serialization-api-v1 2.0.7+74ed1ea55d
	- fabric-sound-api-v1 2.0.7+3434d6d95d
	- fabric-tag-api-v1 2.1.10+fcdff87f5d
	- fabric-transfer-api-v1 8.0.25+fcdff87f5d
	- fabric-transitive-access-wideners-v1 8.1.16+52268a0e5d
	- fabricloader 0.19.5
	- geckolib 5.5.7
	- java 25
	- minecraft 26.3
	- mixinextras 0.5.5
	- ntgl 3.1.8+26.3
[12:56:40] [main/INFO] (FabricLoader/Mixin) SpongePowered MIXIN Subsystem Version=0.8.7 Source=file:/home/runner/.gradle/caches/modules-2/files-2.1/net.fabricmc/sponge-mixin/0.17.4+mixin.0.8.7/5f66cc9f59b8efaa942155a3d5a30599bf6640dd/sponge-mixin-0.17.4+mixin.0.8.7.jar Service=Knot/Fabric Env=CLIENT
[12:56:41] [main/INFO] (FabricLoader/MixinExtras|Service) Initializing MixinExtras via com.llamalad7.mixinextras.service.MixinExtrasServiceImpl(version=0.5.5).
[12:56:43] [Datafixer Bootstrap #0/INFO] (Minecraft) 307 Datafixer optimizations took 505 milliseconds
[12:56:50] [Render thread/INFO] (Minecraft) Environment: Environment[discoveryUrl=https://discovery.minecraftservices.com/minecraft/client, name=PROD]
[12:56:50] [Render thread/INFO] (Minecraft) Setting user: Player0
[12:56:50] [Download-2/ERROR] (Minecraft) Failed to fetch user properties
com.mojang.authlib.exceptions.InvalidCredentialsException: Status: 401
	at knot//com.mojang.authlib.exceptions.MinecraftClientHttpException.toAuthenticationException(MinecraftClientHttpException.java:70)
	at knot//com.mojang.authlib.services.MinecraftServicesUserApiService.fetchProperties(MinecraftServicesUserApiService.java:168)
	at knot//net.minecraft.client.Minecraft.lambda$new$1(Minecraft.java:451)
	at java.base/java.util.concurrent.CompletableFuture$AsyncSupply.run(CompletableFuture.java:1789)
	at java.base/java.util.concurrent.ThreadPoolExecutor.runWorker(ThreadPoolExecutor.java:1090)
	at java.base/java.util.concurrent.ThreadPoolExecutor$Worker.run(ThreadPoolExecutor.java:614)
	at java.base/java.lang.Thread.run(Thread.java:1474)
Caused by: MinecraftClientHttpException[type=HTTP_ERROR, status=401, response=ErrorResponse[path=/player/attributes, error=null, errorMessage=null, details=null]]
	at knot//com.mojang.authlib.minecraft.client.MinecraftClient.buildHttpException(MinecraftClient.java:170)
	at knot//com.mojang.authlib.minecraft.client.MinecraftClient.readServiceResponse(MinecraftClient.java:147)
	at knot//com.mojang.authlib.minecraft.client.MinecraftClient.getWithEtag(MinecraftClient.java:81)
	at knot//com.mojang.authlib.minecraft.client.MinecraftClient.get(MinecraftClient.java:65)
	at knot//com.mojang.authlib.services.MinecraftServicesUserApiService.fetchProperties(MinecraftServicesUserApiService.java:118)
	... 5 more
[12:56:50] [Render thread/INFO] (Minecraft) [STDERR]: Failed to read config file: /home/runner/work/CreateGunMod/CreateGunMod/build/run/clientGameTest/config/create/server.json
[12:56:50] [Render thread/INFO] (Minecraft) [STDERR]: java.nio.file.NoSuchFileException: /home/runner/work/CreateGunMod/CreateGunMod/build/run/clientGameTest/config/create/server.json
[12:56:50] [Render thread/INFO] (Minecraft) [STDERR]: 	at java.base/sun.nio.fs.UnixException.translateToIOException(UnixException.java:92)
[12:56:50] [Render thread/INFO] (Minecraft) [STDERR]: 	at java.base/sun.nio.fs.UnixException.rethrowAsIOException(UnixException.java:106)
[12:56:50] [Render thread/INFO] (Minecraft) [STDERR]: 	at java.base/sun.nio.fs.UnixException.rethrowAsIOException(UnixException.java:111)
[12:56:50] [Render thread/INFO] (Minecraft) [STDERR]: 	at java.base/sun.nio.fs.UnixFileSystemProvider.newFileChannel(UnixFileSystemProvider.java:213)
[12:56:50] [Render thread/INFO] (Minecraft) [STDERR]: 	at java.base/sun.nio.fs.UnixFileSystemProvider.newByteChannel(UnixFileSystemProvider.java:244)
[12:56:50] [Render thread/INFO] (Minecraft) [STDERR]: 	at java.base/java.nio.file.Files.newByteChannel(Files.java:357)
[12:56:50] [Render thread/INFO] (Minecraft) [STDERR]: 	at java.base/java.nio.file.Files.newByteChannel(Files.java:399)
[12:56:50] [Render thread/INFO] (Minecraft) [STDERR]: 	at java.base/java.nio.file.spi.FileSystemProvider.newInputStream(FileSystemProvider.java:371)
[12:56:50] [Render thread/INFO] (Minecraft) [STDERR]: 	at java.base/java.nio.file.Files.newInputStream(Files.java:154)
[12:56:50] [Render thread/INFO] (Minecraft) [STDERR]: 	at knot//org.apache.commons.io.FileUtils.lambda$readFileToString$14(FileUtils.java:2768)
[12:56:50] [Render thread/INFO] (Minecraft) [STDERR]: 	at knot//org.apache.commons.io.IOUtils.toString(IOUtils.java:3204)
[12:56:50] [Render thread/INFO] (Minecraft) [STDERR]: 	at knot//org.apache.commons.io.IOUtils.toString(IOUtils.java:3179)
[12:56:50] [Render thread/INFO] (Minecraft) [STDERR]: 	at knot//org.apache.commons.io.FileUtils.readFileToString(FileUtils.java:2768)
[12:56:50] [Render thread/INFO] (Minecraft) [STDERR]: 	at knot//com.zurrtum.create.catnip.config.Builder.read(Builder.java:136)
[12:56:50] [Render thread/INFO] (Minecraft) [STDERR]: 	at knot//com.zurrtum.create.catnip.config.Builder.<init>(Builder.java:36)
[12:56:50] [Render thread/INFO] (Minecraft) [STDERR]: 	at knot//com.zurrtum.create.catnip.config.Builder.create(Builder.java:49)
[12:56:50] [Render thread/INFO] (Minecraft) [STDERR]: 	at knot//com.zurrtum.create.catnip.config.Builder.create(Builder.java:44)
[12:56:50] [Render thread/INFO] (Minecraft) [STDERR]: 	at knot//com.zurrtum.create.infrastructure.config.AllConfigs.register(AllConfigs.java:28)
[12:56:50] [Render thread/INFO] (Minecraft) [STDERR]: 	at knot//com.zurrtum.create.Create.onInitialize(Create.java:62)
[12:56:50] [Render thread/INFO] (Minecraft) [STDERR]: 	at net.fabricmc.loader.impl.FabricLoaderImpl.invokeEntrypoints(FabricLoaderImpl.java:409)
[12:56:50] [Render thread/INFO] (Minecraft) [STDERR]: 	at net.fabricmc.loader.impl.game.minecraft.Hooks.startClient(Hooks.java:52)
[12:56:50] [Render thread/INFO] (Minecraft) [STDERR]: 	at knot//net.minecraft.client.Minecraft.<init>(Minecraft.java:469)
[12:56:50] [Render thread/INFO] (Minecraft) [STDERR]: 	at knot//net.minecraft.client.main.Main.main(Main.java:278)
[12:56:50] [Render thread/INFO] (Minecraft) [STDERR]: 	at net.fabricmc.loader.impl.game.minecraft.MinecraftGameProvider.launch(MinecraftGameProvider.java:517)
[12:56:50] [Render thread/INFO] (Minecraft) [STDERR]: 	at net.fabricmc.loader.impl.launch.knot.Knot.launch(Knot.java:72)
[12:56:50] [Render thread/INFO] (Minecraft) [STDERR]: 	at net.fabricmc.loader.impl.launch.knot.KnotClient.main(KnotClient.java:23)
[12:56:50] [Render thread/INFO] (Minecraft) [STDERR]: 	at net.fabricmc.devlaunchinjector.Main.main(Main.java:86)
[12:56:51] [Render thread/INFO] (Indigo) [Indigo] Registering Indigo renderer!
[12:56:51] [Render thread/INFO] (Minecraft) [STDERR]: Failed to read config file: /home/runner/work/CreateGunMod/CreateGunMod/build/run/clientGameTest/config/flywheel-client.json
[12:56:51] [Render thread/INFO] (Minecraft) [STDERR]: java.nio.file.NoSuchFileException: /home/runner/work/CreateGunMod/CreateGunMod/build/run/clientGameTest/config/flywheel-client.json
[12:56:51] [Render thread/INFO] (Minecraft) [STDERR]: 	at java.base/sun.nio.fs.UnixException.translateToIOException(UnixException.java:92)
[12:56:51] [Render thread/INFO] (Minecraft) [STDERR]: 	at java.base/sun.nio.fs.UnixException.rethrowAsIOException(UnixException.java:106)
[12:56:51] [Render thread/INFO] (Minecraft) [STDERR]: 	at java.base/sun.nio.fs.UnixException.rethrowAsIOException(UnixException.java:111)
[12:56:51] [Render thread/INFO] (Minecraft) [STDERR]: 	at java.base/sun.nio.fs.UnixFileSystemProvider.newFileChannel(UnixFileSystemProvider.java:213)
[12:56:51] [Render thread/INFO] (Minecraft) [STDERR]: 	at java.base/sun.nio.fs.UnixFileSystemProvider.newByteChannel(UnixFileSystemProvider.java:244)
[12:56:51] [Render thread/INFO] (Minecraft) [STDERR]: 	at java.base/java.nio.file.Files.newByteChannel(Files.java:357)
[12:56:51] [Render thread/INFO] (Minecraft) [STDERR]: 	at java.base/java.nio.file.Files.newByteChannel(Files.java:399)
[12:56:51] [Render thread/INFO] (Minecraft) [STDERR]: 	at java.base/java.nio.file.spi.FileSystemProvider.newInputStream(FileSystemProvider.java:371)
[12:56:51] [Render thread/INFO] (Minecraft) [STDERR]: 	at java.base/java.nio.file.Files.newInputStream(Files.java:154)
[12:56:51] [Render thread/INFO] (Minecraft) [STDERR]: 	at knot//org.apache.commons.io.FileUtils.lambda$readFileToString$14(FileUtils.java:2768)
[12:56:51] [Render thread/INFO] (Minecraft) [STDERR]: 	at knot//org.apache.commons.io.IOUtils.toString(IOUtils.java:3204)
[12:56:51] [Render thread/INFO] (Minecraft) [STDERR]: 	at knot//org.apache.commons.io.IOUtils.toString(IOUtils.java:3179)
[12:56:51] [Render thread/INFO] (Minecraft) [STDERR]: 	at knot//org.apache.commons.io.FileUtils.readFileToString(FileUtils.java:2768)
[12:56:51] [Render thread/INFO] (Minecraft) [STDERR]: 	at knot//com.zurrtum.create.catnip.config.Builder.read(Builder.java:136)
[12:56:51] [Render thread/INFO] (Minecraft) [STDERR]: 	at knot//com.zurrtum.create.catnip.config.Builder.<init>(Builder.java:36)
[12:56:51] [Render thread/INFO] (Minecraft) [STDERR]: 	at knot//com.zurrtum.create.catnip.config.Builder.create(Builder.java:49)
[12:56:51] [Render thread/INFO] (Minecraft) [STDERR]: 	at knot//com.zurrtum.create.client.flywheel.impl.FabricFlwConfig.register(FabricFlwConfig.java:21)
[12:56:51] [Render thread/INFO] (Minecraft) [STDERR]: 	at knot//com.zurrtum.create.client.flywheel.impl.FlwImpl.init(FlwImpl.java:22)
[12:56:51] [Render thread/INFO] (Minecraft) [STDERR]: 	at knot//com.zurrtum.create.client.flywheel.impl.Flywheel.onInitializeClient(Flywheel.java:15)
[12:56:51] [Render thread/INFO] (Minecraft) [STDERR]: 	at knot//com.zurrtum.create.client.Create.onInitializeClient(Create.java:41)
[12:56:51] [Render thread/INFO] (Minecraft) [STDERR]: 	at net.fabricmc.loader.impl.FabricLoaderImpl.invokeEntrypoints(FabricLoaderImpl.java:409)
[12:56:51] [Render thread/INFO] (Minecraft) [STDERR]: 	at net.fabricmc.loader.impl.game.minecraft.Hooks.startClient(Hooks.java:53)
[12:56:51] [Render thread/INFO] (Minecraft) [STDERR]: 	at knot//net.minecraft.client.Minecraft.<init>(Minecraft.java:469)
[12:56:51] [Render thread/INFO] (Minecraft) [STDERR]: 	at knot//net.minecraft.client.main.Main.main(Main.java:278)
[12:56:51] [Render thread/INFO] (Minecraft) [STDERR]: 	at net.fabricmc.loader.impl.game.minecraft.MinecraftGameProvider.launch(MinecraftGameProvider.java:517)
[12:56:51] [Render thread/INFO] (Minecraft) [STDERR]: 	at net.fabricmc.loader.impl.launch.knot.Knot.launch(Knot.java:72)
[12:56:51] [Render thread/INFO] (Minecraft) [STDERR]: 	at net.fabricmc.loader.impl.launch.knot.KnotClient.main(KnotClient.java:23)
[12:56:51] [Render thread/INFO] (Minecraft) [STDERR]: 	at net.fabricmc.devlaunchinjector.Main.main(Main.java:86)
[12:56:51] [Render thread/INFO] (Minecraft) [STDERR]: Failed to read config file: /home/runner/work/CreateGunMod/CreateGunMod/build/run/clientGameTest/config/ponder-client.json
[12:56:51] [Render thread/INFO] (Minecraft) [STDERR]: java.nio.file.NoSuchFileException: /home/runner/work/CreateGunMod/CreateGunMod/build/run/clientGameTest/config/ponder-client.json
[12:56:51] [Render thread/INFO] (Minecraft) [STDERR]: 	at java.base/sun.nio.fs.UnixException.translateToIOException(UnixException.java:92)
[12:56:51] [Render thread/INFO] (Minecraft) [STDERR]: 	at java.base/sun.nio.fs.UnixException.rethrowAsIOException(UnixException.java:106)
[12:56:51] [Render thread/INFO] (Minecraft) [STDERR]: 	at java.base/sun.nio.fs.UnixException.rethrowAsIOException(UnixException.java:111)
[12:56:51] [Render thread/INFO] (Minecraft) [STDERR]: 	at java.base/sun.nio.fs.UnixFileSystemProvider.newFileChannel(UnixFileSystemProvider.java:213)
[12:56:51] [Render thread/INFO] (Minecraft) [STDERR]: 	at java.base/sun.nio.fs.UnixFileSystemProvider.newByteChannel(UnixFileSystemProvider.java:244)
[12:56:51] [Render thread/INFO] (Minecraft) [STDERR]: 	at java.base/java.nio.file.Files.newByteChannel(Files.java:357)
[12:56:51] [Render thread/INFO] (Minecraft) [STDERR]: 	at java.base/java.nio.file.Files.newByteChannel(Files.java:399)
[12:56:51] [Render thread/INFO] (Minecraft) [STDERR]: 	at java.base/java.nio.file.spi.FileSystemProvider.newInputStream(FileSystemProvider.java:371)
[12:56:51] [Render thread/INFO] (Minecraft) [STDERR]: 	at java.base/java.nio.file.Files.newInputStream(Files.java:154)
[12:56:51] [Render thread/INFO] (Minecraft) [STDERR]: 	at knot//org.apache.commons.io.FileUtils.lambda$readFileToString$14(FileUtils.java:2768)
[12:56:51] [Render thread/INFO] (Minecraft) [STDERR]: 	at knot//org.apache.commons.io.IOUtils.toString(IOUtils.java:3204)
[12:56:51] [Render thread/INFO] (Minecraft) [STDERR]: 	at knot//org.apache.commons.io.IOUtils.toString(IOUtils.java:3179)
[12:56:51] [Render thread/INFO] (Minecraft) [STDERR]: 	at knot//org.apache.commons.io.FileUtils.readFileToString(FileUtils.java:2768)
[12:56:51] [Render thread/INFO] (Minecraft) [STDERR]: 	at knot//com.zurrtum.create.catnip.config.Builder.read(Builder.java:136)
[12:56:51] [Render thread/INFO] (Minecraft) [STDERR]: 	at knot//com.zurrtum.create.catnip.config.Builder.<init>(Builder.java:36)
[12:56:51] [Render thread/INFO] (Minecraft) [STDERR]: 	at knot//com.zurrtum.create.catnip.config.Builder.create(Builder.java:49)
[12:56:51] [Render thread/INFO] (Minecraft) [STDERR]: 	at knot//com.zurrtum.create.client.ponder.enums.PonderConfig.register(PonderConfig.java:12)
[12:56:51] [Render thread/INFO] (Minecraft) [STDERR]: 	at knot//com.zurrtum.create.client.ponder.Ponder.onInitializeClient(Ponder.java:29)
[12:56:51] [Render thread/INFO] (Minecraft) [STDERR]: 	at knot//com.zurrtum.create.client.Create.onInitializeClient(Create.java:42)
[12:56:51] [Render thread/INFO] (Minecraft) [STDERR]: 	at net.fabricmc.loader.impl.FabricLoaderImpl.invokeEntrypoints(FabricLoaderImpl.java:409)
[12:56:51] [Render thread/INFO] (Minecraft) [STDERR]: 	at net.fabricmc.loader.impl.game.minecraft.Hooks.startClient(Hooks.java:53)
[12:56:51] [Render thread/INFO] (Minecraft) [STDERR]: 	at knot//net.minecraft.client.Minecraft.<init>(Minecraft.java:469)
[12:56:51] [Render thread/INFO] (Minecraft) [STDERR]: 	at knot//net.minecraft.client.main.Main.main(Main.java:278)
[12:56:51] [Render thread/INFO] (Minecraft) [STDERR]: 	at net.fabricmc.loader.impl.game.minecraft.MinecraftGameProvider.launch(MinecraftGameProvider.java:517)
[12:56:51] [Render thread/INFO] (Minecraft) [STDERR]: 	at net.fabricmc.loader.impl.launch.knot.Knot.launch(Knot.java:72)
[12:56:51] [Render thread/INFO] (Minecraft) [STDERR]: 	at net.fabricmc.loader.impl.launch.knot.KnotClient.main(KnotClient.java:23)
[12:56:51] [Render thread/INFO] (Minecraft) [STDERR]: 	at net.fabricmc.devlaunchinjector.Main.main(Main.java:86)
[12:56:51] [Render thread/INFO] (Minecraft) [STDERR]: Failed to read config file: /home/runner/work/CreateGunMod/CreateGunMod/build/run/clientGameTest/config/vanillin-client.json
[12:56:51] [Render thread/INFO] (Minecraft) [STDERR]: java.nio.file.NoSuchFileException: /home/runner/work/CreateGunMod/CreateGunMod/build/run/clientGameTest/config/vanillin-client.json
[12:56:51] [Render thread/INFO] (Minecraft) [STDERR]: 	at java.base/sun.nio.fs.UnixException.translateToIOException(UnixException.java:92)
[12:56:51] [Render thread/INFO] (Minecraft) [STDERR]: 	at java.base/sun.nio.fs.UnixException.rethrowAsIOException(UnixException.java:106)
[12:56:51] [Render thread/INFO] (Minecraft) [STDERR]: 	at java.base/sun.nio.fs.UnixException.rethrowAsIOException(UnixException.java:111)
[12:56:51] [Render thread/INFO] (Minecraft) [STDERR]: 	at java.base/sun.nio.fs.UnixFileSystemProvider.newFileChannel(UnixFileSystemProvider.java:213)
[12:56:51] [Render thread/INFO] (Minecraft) [STDERR]: 	at java.base/sun.nio.fs.UnixFileSystemProvider.newByteChannel(UnixFileSystemProvider.java:244)
[12:56:51] [Render thread/INFO] (Minecraft) [STDERR]: 	at java.base/java.nio.file.Files.newByteChannel(Files.java:357)
[12:56:51] [Render thread/INFO] (Minecraft) [STDERR]: 	at java.base/java.nio.file.Files.newByteChannel(Files.java:399)
[12:56:51] [Render thread/INFO] (Minecraft) [STDERR]: 	at java.base/java.nio.file.spi.FileSystemProvider.newInputStream(FileSystemProvider.java:371)
[12:56:51] [Render thread/INFO] (Minecraft) [STDERR]: 	at java.base/java.nio.file.Files.newInputStream(Files.java:154)
[12:56:51] [Render thread/INFO] (Minecraft) [STDERR]: 	at knot//org.apache.commons.io.FileUtils.lambda$readFileToString$14(FileUtils.java:2768)
[12:56:51] [Render thread/INFO] (Minecraft) [STDERR]: 	at knot//org.apache.commons.io.IOUtils.toString(IOUtils.java:3204)
[12:56:51] [Render thread/INFO] (Minecraft) [STDERR]: 	at knot//org.apache.commons.io.IOUtils.toString(IOUtils.java:3179)
[12:56:51] [Render thread/INFO] (Minecraft) [STDERR]: 	at knot//org.apache.commons.io.FileUtils.readFileToString(FileUtils.java:2768)
[12:56:51] [Render thread/INFO] (Minecraft) [STDERR]: 	at knot//com.zurrtum.create.catnip.config.Builder.read(Builder.java:136)
[12:56:51] [Render thread/INFO] (Minecraft) [STDERR]: 	at knot//com.zurrtum.create.catnip.config.Builder.<init>(Builder.java:36)
[12:56:51] [Render thread/INFO] (Minecraft) [STDERR]: 	at knot//com.zurrtum.create.catnip.config.Builder.create(Builder.java:49)
[12:56:51] [Render thread/INFO] (Minecraft) [STDERR]: 	at knot//com.zurrtum.create.client.vanillin.VanillinConfig.register(VanillinConfig.java:115)
[12:56:51] [Render thread/INFO] (Minecraft) [STDERR]: 	at knot//com.zurrtum.create.client.vanillin.Vanillin.onInitializeClient(Vanillin.java:19)
[12:56:51] [Render thread/INFO] (Minecraft) [STDERR]: 	at knot//com.zurrtum.create.client.Create.onInitializeClient(Create.java:43)
[12:56:51] [Render thread/INFO] (Minecraft) [STDERR]: 	at net.fabricmc.loader.impl.FabricLoaderImpl.invokeEntrypoints(FabricLoaderImpl.java:409)
[12:56:51] [Render thread/INFO] (Minecraft) [STDERR]: 	at net.fabricmc.loader.impl.game.minecraft.Hooks.startClient(Hooks.java:53)
[12:56:51] [Render thread/INFO] (Minecraft) [STDERR]: 	at knot//net.minecraft.client.Minecraft.<init>(Minecraft.java:469)
[12:56:51] [Render thread/INFO] (Minecraft) [STDERR]: 	at knot//net.minecraft.client.main.Main.main(Main.java:278)
[12:56:51] [Render thread/INFO] (Minecraft) [STDERR]: 	at net.fabricmc.loader.impl.game.minecraft.MinecraftGameProvider.launch(MinecraftGameProvider.java:517)
[12:56:51] [Render thread/INFO] (Minecraft) [STDERR]: 	at net.fabricmc.loader.impl.launch.knot.Knot.launch(Knot.java:72)
[12:56:51] [Render thread/INFO] (Minecraft) [STDERR]: 	at net.fabricmc.loader.impl.launch.knot.KnotClient.main(KnotClient.java:23)
[12:56:51] [Render thread/INFO] (Minecraft) [STDERR]: 	at net.fabricmc.devlaunchinjector.Main.main(Main.java:86)
[12:56:51] [Render thread/INFO] (Minecraft) [STDERR]: Failed to read config file: /home/runner/work/CreateGunMod/CreateGunMod/build/run/clientGameTest/config/create/client.json
[12:56:51] [Render thread/INFO] (Minecraft) [STDERR]: java.nio.file.NoSuchFileException: /home/runner/work/CreateGunMod/CreateGunMod/build/run/clientGameTest/config/create/client.json
[12:56:51] [Render thread/INFO] (Minecraft) [STDERR]: 	at java.base/sun.nio.fs.UnixException.translateToIOException(UnixException.java:92)
[12:56:51] [Render thread/INFO] (Minecraft) [STDERR]: 	at java.base/sun.nio.fs.UnixException.rethrowAsIOException(UnixException.java:106)
[12:56:51] [Render thread/INFO] (Minecraft) [STDERR]: 	at java.base/sun.nio.fs.UnixException.rethrowAsIOException(UnixException.java:111)
[12:56:51] [Render thread/INFO] (Minecraft) [STDERR]: 	at java.base/sun.nio.fs.UnixFileSystemProvider.newFileChannel(UnixFileSystemProvider.java:213)
[12:56:51] [Render thread/INFO] (Minecraft) [STDERR]: 	at java.base/sun.nio.fs.UnixFileSystemProvider.newByteChannel(UnixFileSystemProvider.java:244)
[12:56:51] [Render thread/INFO] (Minecraft) [STDERR]: 	at java.base/java.nio.file.Files.newByteChannel(Files.java:357)
[12:56:51] [Render thread/INFO] (Minecraft) [STDERR]: 	at java.base/java.nio.file.Files.newByteChannel(Files.java:399)
[12:56:51] [Render thread/INFO] (Minecraft) [STDERR]: 	at java.base/java.nio.file.spi.FileSystemProvider.newInputStream(FileSystemProvider.java:371)
[12:56:51] [Render thread/INFO] (Minecraft) [STDERR]: 	at java.base/java.nio.file.Files.newInputStream(Files.java:154)
[12:56:51] [Render thread/INFO] (Minecraft) [STDERR]: 	at knot//org.apache.commons.io.FileUtils.lambda$readFileToString$14(FileUtils.java:2768)
[12:56:51] [Render thread/INFO] (Minecraft) [STDERR]: 	at knot//org.apache.commons.io.IOUtils.toString(IOUtils.java:3204)
[12:56:51] [Render thread/INFO] (Minecraft) [STDERR]: 	at knot//org.apache.commons.io.IOUtils.toString(IOUtils.java:3179)
[12:56:51] [Render thread/INFO] (Minecraft) [STDERR]: 	at knot//org.apache.commons.io.FileUtils.readFileToString(FileUtils.java:2768)
[12:56:51] [Render thread/INFO] (Minecraft) [STDERR]: 	at knot//com.zurrtum.create.catnip.config.Builder.read(Builder.java:136)
[12:56:51] [Render thread/INFO] (Minecraft) [STDERR]: 	at knot//com.zurrtum.create.catnip.config.Builder.<init>(Builder.java:36)
[12:56:51] [Render thread/INFO] (Minecraft) [STDERR]: 	at knot//com.zurrtum.create.catnip.config.Builder.create(Builder.java:49)
[12:56:51] [Render thread/INFO] (Minecraft) [STDERR]: 	at knot//com.zurrtum.create.catnip.config.Builder.create(Builder.java:44)
[12:56:51] [Render thread/INFO] (Minecraft) [STDERR]: 	at knot//com.zurrtum.create.client.infrastructure.config.AllConfigs.register(AllConfigs.java:15)
[12:56:51] [Render thread/INFO] (Minecraft) [STDERR]: 	at knot//com.zurrtum.create.client.Create.onInitializeClient(Create.java:54)
[12:56:51] [Render thread/INFO] (Minecraft) [STDERR]: 	at net.fabricmc.loader.impl.FabricLoaderImpl.invokeEntrypoints(FabricLoaderImpl.java:409)
[12:56:51] [Render thread/INFO] (Minecraft) [STDERR]: 	at net.fabricmc.loader.impl.game.minecraft.Hooks.startClient(Hooks.java:53)
[12:56:51] [Render thread/INFO] (Minecraft) [STDERR]: 	at knot//net.minecraft.client.Minecraft.<init>(Minecraft.java:469)
[12:56:51] [Render thread/INFO] (Minecraft) [STDERR]: 	at knot//net.minecraft.client.main.Main.main(Main.java:278)
[12:56:51] [Render thread/INFO] (Minecraft) [STDERR]: 	at net.fabricmc.loader.impl.game.minecraft.MinecraftGameProvider.launch(MinecraftGameProvider.java:517)
[12:56:51] [Render thread/INFO] (Minecraft) [STDERR]: 	at net.fabricmc.loader.impl.launch.knot.Knot.launch(Knot.java:72)
[12:56:51] [Render thread/INFO] (Minecraft) [STDERR]: 	at net.fabricmc.loader.impl.launch.knot.KnotClient.main(KnotClient.java:23)
[12:56:51] [Render thread/INFO] (Minecraft) [STDERR]: 	at net.fabricmc.devlaunchinjector.Main.main(Main.java:86)
[12:56:51] [Render thread/ERROR] (Minecraft) Illegal option value 0 for Anisotropic Filtering
[12:56:51] [Render thread/INFO] (Minecraft) Backend library: LWJGL version 3.4.3-snapshot
[12:56:52] [Render thread/INFO] (Minecraft) SDL [SYSTEM]: App name: Minecraft
[12:56:52] [Render thread/INFO] (Minecraft) SDL [SYSTEM]: App version: 26.3
[12:56:52] [Render thread/INFO] (Minecraft) SDL [SYSTEM]: App ID: com.mojang.minecraft
[12:56:52] [Render thread/INFO] (Minecraft) SDL [SYSTEM]: SDL revision: SDL-3.4.14--128-NOTFOUND
[12:56:53] [Render thread/INFO] (Minecraft) OpenGL debug message: id=1, source=SHADER COMPILER, type=ERROR, severity=HIGH, message='0:1(10): error: GLSL 4.60 is not supported. Supported versions are: 1.10, 1.20, 1.30, 1.40, 1.50, 3.30, 4.00, 4.10, 4.20, 4.30, 4.40, 4.50, 1.00 ES, 3.00 ES, 3.10 ES, and 3.20 ES'
[12:56:53] [Render thread/INFO] (Minecraft) Using graphics backend OpenGL, using drivers: 4.5 (Core Profile) Mesa 25.2.8-0ubuntu0.24.04.4
[12:56:53] [Render thread/INFO] (Minecraft) Using graphics device: llvmpipe (LLVM 20.1.2, 256 bits) (Mesa)
[12:56:53] [Render thread/INFO] (Minecraft) Using graphics device extensions: GL_ARB_multi_draw_indirect, GL_ARB_buffer_storage, GL_ARB_shader_draw_parameters, GL_ARB_base_instance, GL_KHR_debug, GL_ARB_draw_indirect, GL_ARB_clip_control, GL_ARB_vertex_attrib_binding, GL_ARB_direct_state_access, GL_EXT_texture_filter_anisotropic
[12:56:53] [Render thread/INFO] (Minecraft) Created window using SDL video driver: x11
[12:56:53] [Download-1/INFO] (Minecraft) Could not authorize you against Realms server: java.lang.RuntimeException: Failed to parse into SignedJWT: FabricMC
[12:56:53] [Download-1/ERROR] (Minecraft) Failed to fetch Realms feature flags
com.mojang.realmsclient.exception.RealmsServiceException: Realms authentication error with message 'java.lang.RuntimeException: Failed to parse into SignedJWT: FabricMC'
	at knot//com.mojang.realmsclient.client.RealmsClient.execute(RealmsClient.java:625)
	at knot//com.mojang.realmsclient.client.RealmsClient.fetchFeatureFlags(RealmsClient.java:204)
	at java.base/java.util.concurrent.CompletableFuture$AsyncSupply.run(CompletableFuture.java:1789)
	at java.base/java.util.concurrent.ThreadPoolExecutor.runWorker(ThreadPoolExecutor.java:1090)
	at java.base/java.util.concurrent.ThreadPoolExecutor$Worker.run(ThreadPoolExecutor.java:614)
	at java.base/java.lang.Thread.run(Thread.java:1474)
[12:56:53] [Render thread/ERROR] (Minecraft) Error while loading the narrator
com.mojang.text2speech.Narrator$InitializeException: Failed to load library flite
	at knot//com.mojang.text2speech.NarratorLinux$FliteLibrary.loadNative(NarratorLinux.java:82)
	at knot//com.mojang.text2speech.NarratorLinux.<init>(NarratorLinux.java:19)
	at knot//com.mojang.text2speech.Narrator.getNarrator(Narrator.java:41)
	at knot//net.minecraft.client.GameNarrator.<init>(GameNarrator.java:20)
	at knot//net.minecraft.client.Minecraft.<init>(Minecraft.java:740)
	at knot//net.minecraft.client.main.Main.main(Main.java:278)
	at net.fabricmc.loader.impl.game.minecraft.MinecraftGameProvider.launch(MinecraftGameProvider.java:517)
	at net.fabricmc.loader.impl.launch.knot.Knot.launch(Knot.java:72)
	at net.fabricmc.loader.impl.launch.knot.KnotClient.main(KnotClient.java:23)
	at net.fabricmc.devlaunchinjector.Main.main(Main.java:86)
Caused by: java.lang.UnsatisfiedLinkError: Unable to load library 'flite':
libflite.so: cannot open shared object file: No such file or directory
libflite.so: cannot open shared object file: No such file or directory
Native library (linux-x86-64/libflite.so) not found in resource path (/home/runner/work/CreateGunMod/CreateGunMod/build/classes/java/gametest:/home/runner/work/CreateGunMod/CreateGunMod/build/resources/gametest:/home/runner/work/CreateGunMod/CreateGunMod/libs/geckolib-fabric-26.3-5.5.7.jar:/home/runner/work/CreateGunMod/CreateGunMod/libs/create-fly-26.3.jar:/home/runner/work/CreateGunMod/CreateGunMod/libs/ntgl-fabric-26.3.jar:/home/runner/.gradle/caches/modules-2/files-2.1/net.fabricmc/fabric-loader/0.19.5/ff9e65cffca4a67f31523e1807fe0855940fcbfa/fabric-loader-0.19.5.jar:/home/runner/.gradle/caches/modules-2/files-2.1/net.fabricmc.fabric-api/fabric-api/0.161.0+26.3/53f9ee02c3702734d90520aa8c9719bf0e1c8d4f/fabric-api-0.161.0+26.3.jar:/home/runner/.gradle/caches/modules-2/files-2.1/org.ow2.asm/asm/9.10.1/ada2141c0cc52ee8f5c48cd5fa4ce0e794f22236/asm-9.10.1.jar:/home/runner/.gradle/caches/modules-2/files-2.1/org.ow2.asm/asm-analysis/9.10.1/8d49f14d51f632cb1d87c88d1ceaf50db0d8af1b/asm-analysis-9.10.1.jar:/home/runner/.gradle/caches/modules-2/files-2.1/org.ow2.asm/asm-commons/9.10.1/4229e4c55fd8e01c23f9fe9884075cc628aacc50/asm-commons-9.10.1.jar:/home/runner/.gradle/caches/modules-2/files-2.1/org.ow2.asm/asm-tree/9.10.1/e244332a17564c1d1572449399a842de35881be2/asm-tree-9.10.1.jar:/home/runner/.gradle/caches/modules-2/files-2.1/org.ow2.asm/asm-util/9.10.1/7bb9d450e8d4cbf9f9e04096c44bbfe7fba80b15/asm-util-9.10.1.jar:/home/runner/.gradle/caches/modules-2/files-2.1/net.fabricmc/sponge-mixin/0.17.4+mixin.0.8.7/5f66cc9f59b8efaa942155a3d5a30599bf6640dd/sponge-mixin-0.17.4+mixin.0.8.7.jar:/home/runner/.gradle/caches/modules-2/files-2.1/io.github.llamalad7/mixinextras-fabric/0.5.5/d1055b99c0ab08a8403fe2da3d79ca28e6340a76/mixinextras-fabric-0.5.5.jar:/home/runner/.gradle/caches/modules-2/files-2.1/net.fabricmc/dev-launch-injector/0.2.1+build.8/da8bef7e6e2f952da707f282bdb46882a0fce5e3/dev-launch-injector-0.2.1+build.8.jar:/home/runner/.gradle/caches/modules-2/files-2.1/net.fabricmc/fabric-log4j-util/1.0.2/ef0b3fb613356feb75a67d54f2fad6f03a006648/fabric-log4j-util-1.0.2.jar:/home/runner/.gradle/caches/modules-2/files-2.1/at.yawk.lz4/lz4-java/1.10.1/f541d7f910fe3d76f38f799c507c48cc81b12ecb/lz4-java-1.10.1.jar:/home/runner/.gradle/caches/modules-2/files-2.1/com.azure/azure-json/1.4.0/fcc1d354dbc3e0300e5276b1bf124d0247799cd8/azure-json-1.4.0.jar:/home/runner/.gradle/caches/modules-2/files-2.1/com.github.oshi/oshi-core/6.9.0/3224870731860cfcd7744581a05b559e94291e7/oshi-core-6.9.0.jar:/home/runner/.gradle/caches/modules-2/files-2.1/com.google.code.gson/gson/2.14.0/efc0e34ede4e3204eaefb84a00e55e8c86634382/gson-2.14.0.jar:/home/runner/.gradle/caches/modules-2/files-2.1/com.google.guava/failureaccess/1.0.3/aeaffd00d57023a2c947393ed251f0354f0985fc/failureaccess-1.0.3.jar:/home/runner/.gradle/caches/modules-2/files-2.1/com.google.guava/guava/33.6.0-jre/c376b13067cc99a5774403530953f7b05a91e218/guava-33.6.0-jre.jar:/home/runner/.gradle/caches/modules-2/files-2.1/com.ibm.icu/icu4j/78.3/6a851a53bb1f25689fc418dcc8935b0d93580adf/icu4j-78.3.jar:/home/runner/.gradle/caches/modules-2/files-2.1/com.microsoft.azure/msal4j/1.24.1/c233f2d047b9755f7041adf21a858c680e4c9242/msal4j-1.24.1.jar:/home/runner/.gradle/caches/modules-2/files-2.1/com.mojang/authlib/10.0.77/add8754cda96cf0cd840441632875648836f8a71/authlib-10.0.77.jar:/home/runner/.gradle/caches/modules-2/files-2.1/com.mojang/blocklist/1.0.10/5c685c5ffa94c4cd39496c7184c1d122e515ecef/blocklist-1.0.10.jar:/home/runner/.gradle/caches/modules-2/files-2.1/com.mojang/brigadier/1.3.11/3373d1e7bf00c8b99bed1ea4efb8c47344e4a887/brigadier-1.3.11.jar:/home/runner/.gradle/caches/modules-2/files-2.1/com.mojang/datafixerupper/10.0.21/b6b2ae770c02e0c1eb90f9985b151e9085a38d0b/datafixerupper-10.0.21.jar:/home/runner/.gradle/caches/modules-2/files-2.1/com.mojang/jtracy/1.14.38/cc2ad81342001b4281c305a298d7f50332354058/jtracy-1.14.38.jar:/home/runner/.gradle/caches/modules-2/files-2.1/com.mojang/jtracy/1.14.38/d2433300f8a4e99595d513546d19ecddc3eaa15e/jtracy-1.14.38-natives-linux.jar:/home/runner/.gradle/caches/modules-2/files-2.1/com.mojang/logging/1.7.12/351cea64a5233361327d8d54c44277041beed97f/logging-1.7.12.jar:/home/runner/.gradle/caches/modules-2/files-2.1/com.mojang/patchy/2.2.10/da05971b07cbb379d002cf7eaec6a2048211fefc/patchy-2.2.10.jar:/home/runner/.gradle/caches/modules-2/files-2.1/com.mojang/text2speech/1.19.12/2e517a75c79d34d32de2b5d68422150836c2133e/text2speech-1.19.12.jar:/home/runner/.gradle/caches/modules-2/files-2.1/commons-codec/commons-codec/1.22.0/6b3eb4beb7058c2a638f5f17bcb388649fd339dd/commons-codec-1.22.0.jar:/home/runner/.gradle/caches/modules-2/files-2.1/commons-io/commons-io/2.20.0/36f3474daec2849c149e877614e7f979b2082cd2/commons-io-2.20.0.jar:/home/runner/.gradle/caches/modules-2/files-2.1/io.netty/netty-buffer/4.2.16.Final/5397ef65dcb60670e0e0dba4854522873af3070/netty-buffer-4.2.16.Final.jar:/home/runner/.gradle/caches/modules-2/files-2.1/io.netty/netty-codec-base/4.2.16.Final/1a01d45a9efc228c6d747525848b065e0656b5f/netty-codec-base-4.2.16.Final.jar:/home/runner/.gradle/caches/modules-2/files-2.1/io.netty/netty-codec-compression/4.2.16.Final/bdbbcfcdbe217b95c14a04df4fc5d31213d5c27c/netty-codec-compression-4.2.16.Final.jar:/home/runner/.gradle/caches/modules-2/files-2.1/io.netty/netty-codec-http/4.2.16.Final/b5e0715df90047ee5a0138c8f704f43c751009e4/netty-codec-http-4.2.16.Final.jar:/home/runner/.gradle/caches/modules-2/files-2.1/io.netty/netty-common/4.2.16.Final/c2bc7fa5acfa2afc777e944d84f0aa65559cc81e/netty-common-4.2.16.Final.jar:/home/runner/.gradle/caches/modules-2/files-2.1/io.netty/netty-handler/4.2.16.Final/cc82873ae4b6d14effe480740ad838de09add70d/netty-handler-4.2.16.Final.jar:/home/runner/.gradle/caches/modules-2/files-2.1/io.netty/netty-resolver/4.2.16.Final/fcea6d64273b59ab9127b68c16ae98af34642139/netty-resolver-4.2.16.Final.jar:/home/runner/.gradle/caches/modules-2/files-2.1/io.netty/netty-transport-classes-epoll/4.2.16.Final/cf90c7b892e284ba9f1545dce170168369b3b9d6/netty-transport-classes-epoll-4.2.16.Final.jar:/home/runner/.gradle/caches/modules-2/files-2.1/io.netty/netty-transport-classes-kqueue/4.2.16.Final/fa2bcf8c71626510f6fae173f78182117b70f7a/netty-transport-classes-kqueue-4.2.16.Final.jar:/home/runner/.gradle/caches/modules-2/files-2.1/io.netty/netty-transport-native-epoll/4.2.16.Final/eed34f3b37b4c46a0cbb49456ccc4e3bd7195e4c/netty-transport-native-epoll-4.2.16.Final-linux-aarch_64.jar:/home/runner/.gradle/caches/modules-2/files-2.1/io.netty/netty-transport-native-epoll/4.2.16.Final/439c24f5c27c220deb042b42e4048d606edeb78d/netty-transport-native-epoll-4.2.16.Final-linux-x86_64.jar:/home/runner/.gradle/caches/modules-2/files-2.1/io.netty/netty-transport-native-unix-common/4.2.16.Final/3cf32390f1b80af890ac44aa0698c2ff58c2a4d7/netty-transport-native-unix-common-4.2.16.Final.jar:/home/runner/.gradle/caches/modules-2/files-2.1/io.netty/netty-transport/4.2.16.Final/ae87a3bec51d503475a19fbd718bf777f2fc06c6/netty-transport-4.2.16.Final.jar:/home/runner/.gradle/caches/modules-2/files-2.1/it.unimi.dsi/fastutil/8.5.18/a6cff377eecc19c2037bf31568a6d7106b50ba1f/fastutil-8.5.18.jar:/home/runner/.gradle/caches/modules-2/files-2.1/net.java.dev.jna/jna-platform/5.17.0/a4934c44d25a9d8c2ddf4203affd20330cb3426f/jna-platform-5.17.0.jar:/home/runner/.gradle/caches/modules-2/files-2.1/net.java.dev.jna/jna/5.17.0/33d12735bef894440780fce64f9758d420c7bae2/jna-5.17.0.jar:/home/runner/.gradle/caches/modules-2/files-2.1/net.sf.jopt-simple/jopt-simple/5.0.4/4fdac2fbe92dfad86aa6e9301736f6b4342a3f5c/jopt-simple-5.0.4.jar:/home/runner/.gradle/caches/modules-2/files-2.1/org.apache.commons/commons-compress/1.28.0/e482f2c7a88dac3c497e96aa420b6a769f59c8d7/commons-compress-1.28.0.jar:/home/runner/.gradle/caches/modules-2/files-2.1/org.apache.commons/commons-lang3/3.20.0/65897b3e5731220962e659e001904af3c3cbeba9/commons-lang3-3.20.0.jar:/home/runner/.gradle/caches/modules-2/files-2.1/org.apache.logging.log4j/log4j-api/2.26.0/ad52af0ecf054a7e3f275a2e180ee06d9c490951/log4j-api-2.26.0.jar:/home/runner/.gradle/caches/modules-2/files-2.1/org.apache.logging.log4j/log4j-core/2.26.0/d267ca60b27ddb075e0b4e75e7875859717bf85f/log4j-core-2.26.0.jar:/home/runner/.gradle/caches/modules-2/files-2.1/org.apache.logging.log4j/log4j-slf4j2-impl/2.26.0/668c0f0e813d83f00a7182533aa658ec7e7a0a0d/log4j-slf4j2-impl-2.26.0.jar:/home/runner/.gradle/caches/modules-2/files-2.1/org.jcraft/jorbis/0.0.17/8872d22b293e8f5d7d56ff92be966e6dc28ebdc6/jorbis-0.0.17.jar:/home/runner/.gradle/caches/modules-2/files-2.1/org.joml/joml/1.10.9/438e036486bad66b189bff385dd07dea4f74a146/joml-1.10.9.jar:/home/runner/.gradle/caches/modules-2/files-2.1/org.jspecify/jspecify/1.0.0/7425a601c1c7ec76645a78d22b8c6a627edee507/jspecify-1.0.0.jar:/home/runner/.gradle/caches/modules-2/files-2.1/org.lwjgl/lwjgl-freetype/3.4.3/d2b12961d44f92860fb1ab501f9c69b7a2975236/lwjgl-freetype-3.4.3.jar:/home/runner/.gradle/caches/modules-2/files-2.1/org.lwjgl/lwjgl-freetype/3.4.3/38f27c9a0fbe000bfb38b295c32944d699e246e9/lwjgl-freetype-3.4.3-natives-linux.jar:/home/runner/.gradle/caches/modules-2/files-2.1/org.lwjgl/lwjgl-jemalloc/3.4.3/350f317eaf5295b1e53f6664ef5fdeeaaa7dcbf0/lwjgl-jemalloc-3.4.3.jar:/home/runner/.gradle/caches/modules-2/files-2.1/org.lwjgl/lwjgl-jemalloc/3.4.3/ca21b4b4c6d223907de645a18436ef6f677a5d4f/lwjgl-jemalloc-3.4.3-natives-linux.jar:/home/runner/.gradle/caches/modules-2/files-2.1/org.lwjgl/lwjgl-openal/3.4.3/32b52cda5af6937a4e4bd321bdb83082025cb332/lwjgl-openal-3.4.3.jar:/home/runner/.gradle/caches/modules-2/files-2.1/org.lwjgl/lwjgl-openal/3.4.3/7daa62f9f7b38b30e8a3d3bc7069e9b2e3cd52f0/lwjgl-openal-3.4.3-natives-linux.jar:/home/runner/.gradle/caches/modules-2/files-2.1/org.lwjgl/lwjgl-opengl/3.4.3/b81769ee48050f8c71e70839505f350bf9219d90/lwjgl-opengl-3.4.3.jar:/home/runner/.gradle/caches/modules-2/files-2.1/org.lwjgl/lwjgl-opengl/3.4.3/ec6fb42167943e94f7f0b14707c1737653c4044b/lwjgl-opengl-3.4.3-natives-linux.jar:/home/runner/.gradle/caches/modules-2/files-2.1/org.lwjgl/lwjgl-sdl/3.4.3/c02146735d6ff70d070c73532b435e5c893a346b/lwjgl-sdl-3.4.3.jar:/home/runner/.gradle/caches/modules-2/files-2.1/org.lwjgl/lwjgl-sdl/3.4.3/6ed1b80b7c211a491612c70e43f27ba1f42cccd0/lwjgl-sdl-3.4.3-natives-linux.jar:/home/runner/.gradle/caches/modules-2/files-2.1/org.lwjgl/lwjgl-shaderc/3.4.3/ba9fbc8fc4d50b3e4b436cc958ddb4abdb05867c/lwjgl-shaderc-3.4.3.jar:/home/runner/.gradle/caches/modules-2/files-2.1/org.lwjgl/lwjgl-shaderc/3.4.3/37faa5824f75901f4961e56805aedf68e13cf8b/lwjgl-shaderc-3.4.3-natives-linux.jar:/home/runner/.gradle/caches/modules-2/files-2.1/org.lwjgl/lwjgl-spvc/3.4.3/98e5b5ef5159100b26a169a9aed6c24e820e3eaa/lwjgl-spvc-3.4.3.jar:/home/runner/.gradle/caches/modules-2/files-2.1/org.lwjgl/lwjgl-spvc/3.4.3/709eb01deec4bdafb7634b125a63fd8de172fc50/lwjgl-spvc-3.4.3-natives-linux.jar:/home/runner/.gradle/caches/modules-2/files-2.1/org.lwjgl/lwjgl-stb/3.4.3/cdce54785bd3758e44a81f345d6260774d921c78/lwjgl-stb-3.4.3.jar:/home/runner/.gradle/caches/modules-2/files-2.1/org.lwjgl/lwjgl-stb/3.4.3/3878e44ce27c12791e570b5c8754ef3b68401dd3/lwjgl-stb-3.4.3-natives-linux.jar:/home/runner/.gradle/caches/modules-2/files-2.1/org.lwjgl/lwjgl-vma/3.4.3/816a6ac87f1e447e5346ca0e7a1078353f51fbd6/lwjgl-vma-3.4.3.jar:/home/runner/.gradle/caches/modules-2/files-2.1/org.lwjgl/lwjgl-vma/3.4.3/3a9a95d3e83f7fc49c6ed8d0e1c853b77662d90e/lwjgl-vma-3.4.3-natives-linux.jar:/home/runner/.gradle/caches/modules-2/files-2.1/org.lwjgl/lwjgl-vulkan/3.4.3/ffdaf1898192059f059d66f9fa37e3debcac10e0/lwjgl-vulkan-3.4.3.jar:/home/runner/.gradle/caches/modules-2/files-2.1/org.lwjgl/lwjgl/3.4.3/7ab5265a73d8a959ed62332d546536ae6be2f0d5/lwjgl-3.4.3.jar:/home/runner/.gradle/caches/modules-2/files-2.1/org.lwjgl/lwjgl/3.4.3/2800e134537db1a175eba41c430b1018eddc48f0/lwjgl-3.4.3-natives-linux.jar:/home/runner/.gradle/caches/modules-2/files-2.1/org.slf4j/slf4j-api/2.0.17/d9e58ac9c7779ba3bf8142aff6c830617a7fe60f/slf4j-api-2.0.17.jar:/home/runner/work/CreateGunMod/CreateGunMod/.gradle/loom-cache/minecraftMaven/net/minecraft/minecraft-merged-64a70aef0d/26.3/minecraft-merged-64a70aef0d-26.3.jar:/home/runner/.gradle/caches/modules-2/files-2.1/io.netty/netty-transport-native-kqueue/4.2.16.Final/dd9d41b06355a6a1815d902ee087a693aab83755/netty-transport-native-kqueue-4.2.16.Final-osx-x86_64.jar:/home/runner/.gradle/caches/modules-2/files-2.1/io.netty/netty-transport-native-kqueue/4.2.16.Final/ddb942cad6c0e978caa2215757512b36c5ffacec/netty-transport-native-kqueue-4.2.16.Final-osx-aarch_64.jar:/home/runner/.gradle/caches/modules-2/files-2.1/net.fabricmc.fabric-api/fabric-advancement-api-v1/1.0.0+38c7a2d55d/54c209419f01d579761838892772d4196436752b/fabric-advancement-api-v1-1.0.0+38c7a2d55d.jar:/home/runner/.gradle/caches/modules-2/files-2.1/net.fabricmc.fabric-api/fabric-transfer-api-v1/8.0.25+fcdff87f5d/4680f760ffbd28c38f899488ded76fd7c26082c8/fabric-transfer-api-v1-8.0.25+fcdff87f5d.jar:/home/runner/.gradle/caches/modules-2/files-2.1/net.fabricmc.fabric-api/fabric-api-lookup-api-v1/2.0.24+3434d6d95d/29c412a6baf8e69bf71cab6b7a65b5096ff29a3/fabric-api-lookup-api-v1-2.0.24+3434d6d95d.jar:/home/runner/.gradle/caches/modules-2/files-2.1/net.fabricmc.fabric-api/fabric-block-api-v1/3.1.0+0ae6f9115d/78badf0c664259627830111f2ac0ad2f9f0ff2f7/fabric-block-api-v1-3.1.0+0ae6f9115d.jar:/home/runner/.gradle/caches/modules-2/files-2.1/net.fabricmc.fabric-api/fabric-command-api-v2/3.1.2+fcdff87f5d/69de6c0f1f5926309dad2cd9569027a6d4d99493/fabric-command-api-v2-3.1.2+fcdff87f5d.jar:/home/runner/.gradle/caches/modules-2/files-2.1/net.fabricmc.fabric-api/fabric-content-registries-v0/15.0.4+74ed1ea55d/c316198aeaa747228437e01f8c81efb134dca9f2/fabric-content-registries-v0-15.0.4+74ed1ea55d.jar:/home/runner/.gradle/caches/modules-2/files-2.1/net.fabricmc.fabric-api/fabric-data-generation-api-v1/27.2.4+427eab975d/55b45df85af5f43366fc4a0943f9bf3d5950d2c/fabric-data-generation-api-v1-27.2.4+427eab975d.jar:/home/runner/.gradle/caches/modules-2/files-2.1/net.fabricmc.fabric-api/fabric-convention-tags-v2/4.10.3+6b5b47fd5d/4e4591576deeb6317809bc11e50ecf32a0212c1f/fabric-convention-tags-v2-4.10.3+6b5b47fd5d.jar:/home/runner/.gradle/caches/modules-2/files-2.1/net.fabricmc.fabric-api/fabric-creative-tab-api-v1/5.0.21+fcdff87f5d/c0d1736c1f7b6166f1925eb0bd79f9c97cd1494/fabric-creative-tab-api-v1-5.0.21+fcdff87f5d.jar:/home/runner/.gradle/caches/modules-2/files-2.1/net.fabricmc.fabric-api/fabric-data-attachment-api-v1/2.2.30+3434d6d95d/b31a17053b2113fde7011d5caa54871071f38fe/fabric-data-attachment-api-v1-2.2.30+3434d6d95d.jar:/home/runner/.gradle/caches/modules-2/files-2.1/net.fabricmc.fabric-api/fabric-debug-api-v1/1.0.4+3434d6d95d/e4812b5812a9d92b97604bdf2737780d3cc7612e/fabric-debug-api-v1-1.0.4+3434d6d95d.jar:/home/runner/.gradle/caches/modules-2/files-2.1/net.fabricmc.fabric-api/fabric-dimensions-v1/5.1.19+47f74c985d/2d10026da0876c1e887b512b26d2813a1646c132/fabric-dimensions-v1-5.1.19+47f74c985d.jar:/home/runner/.gradle/caches/modules-2/files-2.1/net.fabricmc.fabric-api/fabric-entity-events-v1/6.0.4+3434d6d95d/731754a9bdfc6784a41d8fb17cd6c08f58fe31e0/fabric-entity-events-v1-6.0.4+3434d6d95d.jar:/home/runner/.gradle/caches/modules-2/files-2.1/net.fabricmc.fabric-api/fabric-events-interaction-v0/5.3.6+3434d6d95d/de80f4728f8559f8e126b857288af8a27da57b81/fabric-events-interaction-v0-5.3.6+3434d6d95d.jar:/home/runner/.gradle/caches/modules-2/files-2.1/net.fabricmc.fabric-api/fabric-game-rule-api-v1/4.0.10+3434d6d95d/3f73b9e94995f6f8a0d38955b98b67ac8d6bb089/fabric-game-rule-api-v1-4.0.10+3434d6d95d.jar:/home/runner/.gradle/caches/modules-2/files-2.1/net.fabricmc.fabric-api/fabric-gametest-api-v1/4.0.32+3434d6d95d/ced6a55e4623994919224b07750f05231dad8c22/fabric-gametest-api-v1-4.0.32+3434d6d95d.jar:/home/runner/.gradle/caches/modules-2/files-2.1/net.fabricmc.fabric-api/fabric-item-api-v1/14.7.0+cf6bc2db5d/9d9e319928f67f49029c86ae56d0414997a534ac/fabric-item-api-v1-14.7.0+cf6bc2db5d.jar:/home/runner/.gradle/caches/modules-2/files-2.1/net.fabricmc.fabric-api/fabric-recipe-api-v1/10.0.8+fcdff87f5d/16ab72f3b3cc37f758a1ac01817b3909b02ce736/fabric-recipe-api-v1-10.0.8+fcdff87f5d.jar:/home/runner/.gradle/caches/modules-2/files-2.1/net.fabricmc.fabric-api/fabric-model-loading-api-v1/8.0.35+fcdff87f5d/51079fee66e5b86d8092981bb1cd19d40a97491e/fabric-model-loading-api-v1-8.0.35+fcdff87f5d.jar:/home/runner/.gradle/caches/modules-2/files-2.1/net.fabricmc.fabric-api/fabric-renderer-indigo/9.1.23+b9d63e335d/d3277e5c11edc7f939ac3ed7f189de56905561c7/fabric-renderer-indigo-9.1.23+b9d63e335d.jar:/home/runner/.gradle/caches/modules-2/files-2.1/net.fabricmc.fabric-api/fabric-renderer-api-v1/17.0.15+79385d0b5d/48172c900e57dbf125490cd132e04fdfdecac7e8/fabric-renderer-api-v1-17.0.15+79385d0b5d.jar:/home/runner/.gradle/caches/modules-2/files-2.1/net.fabricmc.fabric-api/fabric-rendering-v1/27.0.14+901a437c5d/b7b356249f2c16fa58410e8c7694c75f0468a403/fabric-rendering-v1-27.0.14+901a437c5d.jar:/home/runner/.gradle/caches/modules-2/files-2.1/net.fabricmc.fabric-api/fabric-lifecycle-events-v1/4.1.9+ffef5f675d/4184b98a6c1dbfcf6c63dab29cf7f5812d9eaf73/fabric-lifecycle-events-v1-4.1.9+ffef5f675d.jar:/home/runner/.gradle/caches/modules-2/files-2.1/net.fabricmc.fabric-api/fabric-loot-api-v3/4.0.8+4068fd645d/3f74e49f671c5ef812512b9ff6ca35a531f06cf7/fabric-loot-api-v3-4.0.8+4068fd645d.jar:/home/runner/.gradle/caches/modules-2/files-2.1/net.fabricmc.fabric-api/fabric-menu-api-v1/2.0.27+ed66f0a35d/5f52c5da57fbbdd96604ed12bcec0a0fba779dfe/fabric-menu-api-v1-2.0.27+ed66f0a35d.jar:/home/runner/.gradle/caches/modules-2/files-2.1/net.fabricmc.fabric-api/fabric-message-api-v1/7.0.10+3434d6d95d/5b224f019d030f7bb70584866f4f6329fa9a21b3/fabric-message-api-v1-7.0.10+3434d6d95d.jar:/home/runner/.gradle/caches/modules-2/files-2.1/net.fabricmc.fabric-api/fabric-client-gametest-api-v1/6.0.7+4be74c3f5d/b5512c68896b9692f81db7ddc5f2f6d72b18615/fabric-client-gametest-api-v1-6.0.7+4be74c3f5d.jar:/home/runner/.gradle/caches/modules-2/files-2.1/net.fabricmc.fabric-api/fabric-particles-v1/5.0.24+3434d6d95d/f737b753bad5f3b94d9d07985853539f4c6ee416/fabric-particles-v1-5.0.24+3434d6d95d.jar:/home/runner/.gradle/caches/modules-2/files-2.1/net.fabricmc.fabric-api/fabric-object-builder-api-v1/24.1.9+3434d6d95d/24f679e28b1c3a4fd44b339a03161774f880139/fabric-object-builder-api-v1-24.1.9+3434d6d95d.jar:/home/runner/.gradle/caches/modules-2/files-2.1/net.fabricmc.fabric-api/fabric-registry-sync-v0/8.0.1+fcdff87f5d/7c5c6642c01a0d37abccc8546b86833ca2c9e667/fabric-registry-sync-v0-8.0.1+fcdff87f5d.jar:/home/runner/.gradle/caches/modules-2/files-2.1/net.fabricmc.fabric-api/fabric-networking-api-v1/6.3.8+fcdff87f5d/1487018aa4c0cc74d0e32b89c5b2da9b1c00ebb8/fabric-networking-api-v1-6.3.8+fcdff87f5d.jar:/home/runner/.gradle/caches/modules-2/files-2.1/net.fabricmc.fabric-api/fabric-permission-api-v1/1.0.8+fcdff87f5d/b5ffb6d1e882755032aa6b79265e32699be57c88/fabric-permission-api-v1-1.0.8+fcdff87f5d.jar:/home/runner/.gradle/caches/modules-2/files-2.1/net.fabricmc.fabric-api/fabric-rendering-fluids-v1/6.0.6+3434d6d95d/f346710e5fb0751998cb84d4772b1b2827e1ad57/fabric-rendering-fluids-v1-6.0.6+3434d6d95d.jar:/home/runner/.gradle/caches/modules-2/files-2.1/net.fabricmc.fabric-api/fabric-tag-api-v1/2.1.10+fcdff87f5d/6b70d67fcea94ef97a08cda0d7810fd89238a83/fabric-tag-api-v1-2.1.10+fcdff87f5d.jar:/home/runner/.gradle/caches/modules-2/files-2.1/net.fabricmc.fabric-api/fabric-resource-loader-v0/3.3.26+4fc5413f5d/2fd2238d86a13d9f43244d030ae0a33ee8e4d092/fabric-resource-loader-v0-3.3.26+4fc5413f5d.jar:/home/runner/.gradle/caches/modules-2/files-2.1/net.fabricmc.fabric-api/fabric-resource-loader-v1/3.0.4+fcdff87f5d/23991cd88d413af9c9bc9fdaa43e1a4f7156917a/fabric-resource-loader-v1-3.0.4+fcdff87f5d.jar:/home/runner/.gradle/caches/modules-2/files-2.1/net.fabricmc.fabric-api/fabric-screen-api-v1/5.2.4+48607d035d/43207d0cbe1a0098cc0281b62a9a246f05771f9d/fabric-screen-api-v1-5.2.4+48607d035d.jar:/home/runner/.gradle/caches/modules-2/files-2.1/net.fabricmc.fabric-api/fabric-api-base/2.0.6+fcdff87f5d/449053de5093613bbdf6d439bedd431a7ad77da2/fabric-api-base-2.0.6+fcdff87f5d.jar:/home/runner/.gradle/caches/modules-2/files-2.1/net.fabricmc.fabric-api/fabric-biome-api-v1/20.0.9+74ed1ea55d/587c148a61dd7b76db105d39f556dd741fbbbe2f/fabric-biome-api-v1-20.0.9+74ed1ea55d.jar:/home/runner/.gradle/caches/modules-2/files-2.1/net.fabricmc.fabric-api/fabric-block-getter-api-v2/2.0.9+3434d6d95d/56fd2980cfdb2e557bd51dfa743d92bb7befcdb6/fabric-block-getter-api-v2-2.0.9+3434d6d95d.jar:/home/runner/.gradle/caches/modules-2/files-2.1/net.fabricmc.fabric-api/fabric-crash-report-info-v1/1.0.7+fcdff87f5d/a5531952f47841e359bc2ca8cb807add8c76c5c5/fabric-crash-report-info-v1-1.0.7+fcdff87f5d.jar:/home/runner/.gradle/caches/modules-2/files-2.1/net.fabricmc.fabric-api/fabric-key-mapping-api-v1/2.0.8+3434d6d95d/89eb86ef13d05ebc9f725f0c55d9db69abc6fc06/fabric-key-mapping-api-v1-2.0.8+3434d6d95d.jar:/home/runner/.gradle/caches/modules-2/files-2.1/net.fabricmc.fabric-api/fabric-resource-conditions-api-v1/6.1.5+3434d6d95d/c009f3d1b43e3e26053d4809055b265bbbfa7044/fabric-resource-conditions-api-v1-6.1.5+3434d6d95d.jar:/home/runner/.gradle/caches/modules-2/files-2.1/net.fabricmc.fabric-api/fabric-serialization-api-v1/2.0.7+74ed1ea55d/6461e300b93b46986d74f092660dd9d39a1125c0/fabric-serialization-api-v1-2.0.7+74ed1ea55d.jar:/home/runner/.gradle/caches/modules-2/files-2.1/net.fabricmc.fabric-api/fabric-sound-api-v1/2.0.7+3434d6d95d/59e460c1b9e943d662fd0827f0461ff60b7f23d1/fabric-sound-api-v1-2.0.7+3434d6d95d.jar:/home/runner/.gradle/caches/modules-2/files-2.1/net.fabricmc.fabric-api/fabric-transitive-access-wideners-v1/8.1.16+52268a0e5d/8322e1bc6d3e3993dce826a41f4a199944269bcb/fabric-transitive-access-wideners-v1-8.1.16+52268a0e5d.jar:/home/runner/work/CreateGunMod/CreateGunMod/build/classes/java/main:/home/runner/work/CreateGunMod/CreateGunMod/build/resources/main)
	at knot//com.sun.jna.NativeLibrary.loadLibrary(NativeLibrary.java:325)
	at knot//com.sun.jna.NativeLibrary.getInstance(NativeLibrary.java:481)
	at knot//com.sun.jna.NativeLibrary.getInstance(NativeLibrary.java:423)
	at knot//com.mojang.text2speech.NarratorLinux$FliteLibrary.loadNative(NarratorLinux.java:80)
	... 9 more
	Suppressed: java.lang.UnsatisfiedLinkError: libflite.so: cannot open shared object file: No such file or directory
		at knot//com.sun.jna.Native.open(Native Method)
		at knot//com.sun.jna.NativeLibrary.loadLibrary(NativeLibrary.java:213)
		... 12 more
	Suppressed: java.lang.UnsatisfiedLinkError: libflite.so: cannot open shared object file: No such file or directory
		at knot//com.sun.jna.Native.open(Native Method)
		at knot//com.sun.jna.NativeLibrary.loadLibrary(NativeLibrary.java:226)
		... 12 more
	Suppressed: java.io.IOException: Native library (linux-x86-64/libflite.so) not found in resource path (/home/runner/work/CreateGunMod/CreateGunMod/build/classes/java/gametest:/home/runner/work/CreateGunMod/CreateGunMod/build/resources/gametest:/home/runner/work/CreateGunMod/CreateGunMod/libs/geckolib-fabric-26.3-5.5.7.jar:/home/runner/work/CreateGunMod/CreateGunMod/libs/create-fly-26.3.jar:/home/runner/work/CreateGunMod/CreateGunMod/libs/ntgl-fabric-26.3.jar:/home/runner/.gradle/caches/modules-2/files-2.1/net.fabricmc/fabric-loader/0.19.5/ff9e65cffca4a67f31523e1807fe0855940fcbfa/fabric-loader-0.19.5.jar:/home/runner/.gradle/caches/modules-2/files-2.1/net.fabricmc.fabric-api/fabric-api/0.161.0+26.3/53f9ee02c3702734d90520aa8c9719bf0e1c8d4f/fabric-api-0.161.0+26.3.jar:/home/runner/.gradle/caches/modules-2/files-2.1/org.ow2.asm/asm/9.10.1/ada2141c0cc52ee8f5c48cd5fa4ce0e794f22236/asm-9.10.1.jar:/home/runner/.gradle/caches/modules-2/files-2.1/org.ow2.asm/asm-analysis/9.10.1/8d49f14d51f632cb1d87c88d1ceaf50db0d8af1b/asm-analysis-9.10.1.jar:/home/runner/.gradle/caches/modules-2/files-2.1/org.ow2.asm/asm-commons/9.10.1/4229e4c55fd8e01c23f9fe9884075cc628aacc50/asm-commons-9.10.1.jar:/home/runner/.gradle/caches/modules-2/files-2.1/org.ow2.asm/asm-tree/9.10.1/e244332a17564c1d1572449399a842de35881be2/asm-tree-9.10.1.jar:/home/runner/.gradle/caches/modules-2/files-2.1/org.ow2.asm/asm-util/9.10.1/7bb9d450e8d4cbf9f9e04096c44bbfe7fba80b15/asm-util-9.10.1.jar:/home/runner/.gradle/caches/modules-2/files-2.1/net.fabricmc/sponge-mixin/0.17.4+mixin.0.8.7/5f66cc9f59b8efaa942155a3d5a30599bf6640dd/sponge-mixin-0.17.4+mixin.0.8.7.jar:/home/runner/.gradle/caches/modules-2/files-2.1/io.github.llamalad7/mixinextras-fabric/0.5.5/d1055b99c0ab08a8403fe2da3d79ca28e6340a76/mixinextras-fabric-0.5.5.jar:/home/runner/.gradle/caches/modules-2/files-2.1/net.fabricmc/dev-launch-injector/0.2.1+build.8/da8bef7e6e2f952da707f282bdb46882a0fce5e3/dev-launch-injector-0.2.1+build.8.jar:/home/runner/.gradle/caches/modules-2/files-2.1/net.fabricmc/fabric-log4j-util/1.0.2/ef0b3fb613356feb75a67d54f2fad6f03a006648/fabric-log4j-util-1.0.2.jar:/home/runner/.gradle/caches/modules-2/files-2.1/at.yawk.lz4/lz4-java/1.10.1/f541d7f910fe3d76f38f799c507c48cc81b12ecb/lz4-java-1.10.1.jar:/home/runner/.gradle/caches/modules-2/files-2.1/com.azure/azure-json/1.4.0/fcc1d354dbc3e0300e5276b1bf124d0247799cd8/azure-json-1.4.0.jar:/home/runner/.gradle/caches/modules-2/files-2.1/com.github.oshi/oshi-core/6.9.0/3224870731860cfcd7744581a05b559e94291e7/oshi-core-6.9.0.jar:/home/runner/.gradle/caches/modules-2/files-2.1/com.google.code.gson/gson/2.14.0/efc0e34ede4e3204eaefb84a00e55e8c86634382/gson-2.14.0.jar:/home/runner/.gradle/caches/modules-2/files-2.1/com.google.guava/failureaccess/1.0.3/aeaffd00d57023a2c947393ed251f0354f0985fc/failureaccess-1.0.3.jar:/home/runner/.gradle/caches/modules-2/files-2.1/com.google.guava/guava/33.6.0-jre/c376b13067cc99a5774403530953f7b05a91e218/guava-33.6.0-jre.jar:/home/runner/.gradle/caches/modules-2/files-2.1/com.ibm.icu/icu4j/78.3/6a851a53bb1f25689fc418dcc8935b0d93580adf/icu4j-78.3.jar:/home/runner/.gradle/caches/modules-2/files-2.1/com.microsoft.azure/msal4j/1.24.1/c233f2d047b9755f7041adf21a858c680e4c9242/msal4j-1.24.1.jar:/home/runner/.gradle/caches/modules-2/files-2.1/com.mojang/authlib/10.0.77/add8754cda96cf0cd840441632875648836f8a71/authlib-10.0.77.jar:/home/runner/.gradle/caches/modules-2/files-2.1/com.mojang/blocklist/1.0.10/5c685c5ffa94c4cd39496c7184c1d122e515ecef/blocklist-1.0.10.jar:/home/runner/.gradle/caches/modules-2/files-2.1/com.mojang/brigadier/1.3.11/3373d1e7bf00c8b99bed1ea4efb8c47344e4a887/brigadier-1.3.11.jar:/home/runner/.gradle/caches/modules-2/files-2.1/com.mojang/datafixerupper/10.0.21/b6b2ae770c02e0c1eb90f9985b151e9085a38d0b/datafixerupper-10.0.21.jar:/home/runner/.gradle/caches/modules-2/files-2.1/com.mojang/jtracy/1.14.38/cc2ad81342001b4281c305a298d7f50332354058/jtracy-1.14.38.jar:/home/runner/.gradle/caches/modules-2/files-2.1/com.mojang/jtracy/1.14.38/d2433300f8a4e99595d513546d19ecddc3eaa15e/jtracy-1.14.38-natives-linux.jar:/home/runner/.gradle/caches/modules-2/files-2.1/com.mojang/logging/1.7.12/351cea64a5233361327d8d54c44277041beed97f/logging-1.7.12.jar:/home/runner/.gradle/caches/modules-2/files-2.1/com.mojang/patchy/2.2.10/da05971b07cbb379d002cf7eaec6a2048211fefc/patchy-2.2.10.jar:/home/runner/.gradle/caches/modules-2/files-2.1/com.mojang/text2speech/1.19.12/2e517a75c79d34d32de2b5d68422150836c2133e/text2speech-1.19.12.jar:/home/runner/.gradle/caches/modules-2/files-2.1/commons-codec/commons-codec/1.22.0/6b3eb4beb7058c2a638f5f17bcb388649fd339dd/commons-codec-1.22.0.jar:/home/runner/.gradle/caches/modules-2/files-2.1/commons-io/commons-io/2.20.0/36f3474daec2849c149e877614e7f979b2082cd2/commons-io-2.20.0.jar:/home/runner/.gradle/caches/modules-2/files-2.1/io.netty/netty-buffer/4.2.16.Final/5397ef65dcb60670e0e0dba4854522873af3070/netty-buffer-4.2.16.Final.jar:/home/runner/.gradle/caches/modules-2/files-2.1/io.netty/netty-codec-base/4.2.16.Final/1a01d45a9efc228c6d747525848b065e0656b5f/netty-codec-base-4.2.16.Final.jar:/home/runner/.gradle/caches/modules-2/files-2.1/io.netty/netty-codec-compression/4.2.16.Final/bdbbcfcdbe217b95c14a04df4fc5d31213d5c27c/netty-codec-compression-4.2.16.Final.jar:/home/runner/.gradle/caches/modules-2/files-2.1/io.netty/netty-codec-http/4.2.16.Final/b5e0715df90047ee5a0138c8f704f43c751009e4/netty-codec-http-4.2.16.Final.jar:/home/runner/.gradle/caches/modules-2/files-2.1/io.netty/netty-common/4.2.16.Final/c2bc7fa5acfa2afc777e944d84f0aa65559cc81e/netty-common-4.2.16.Final.jar:/home/runner/.gradle/caches/modules-2/files-2.1/io.netty/netty-handler/4.2.16.Final/cc82873ae4b6d14effe480740ad838de09add70d/netty-handler-4.2.16.Final.jar:/home/runner/.gradle/caches/modules-2/files-2.1/io.netty/netty-resolver/4.2.16.Final/fcea6d64273b59ab9127b68c16ae98af34642139/netty-resolver-4.2.16.Final.jar:/home/runner/.gradle/caches/modules-2/files-2.1/io.netty/netty-transport-classes-epoll/4.2.16.Final/cf90c7b892e284ba9f1545dce170168369b3b9d6/netty-transport-classes-epoll-4.2.16.Final.jar:/home/runner/.gradle/caches/modules-2/files-2.1/io.netty/netty-transport-classes-kqueue/4.2.16.Final/fa2bcf8c71626510f6fae173f78182117b70f7a/netty-transport-classes-kqueue-4.2.16.Final.jar:/home/runner/.gradle/caches/modules-2/files-2.1/io.netty/netty-transport-native-epoll/4.2.16.Final/eed34f3b37b4c46a0cbb49456ccc4e3bd7195e4c/netty-transport-native-epoll-4.2.16.Final-linux-aarch_64.jar:/home/runner/.gradle/caches/modules-2/files-2.1/io.netty/netty-transport-native-epoll/4.2.16.Final/439c24f5c27c220deb042b42e4048d606edeb78d/netty-transport-native-epoll-4.2.16.Final-linux-x86_64.jar:/home/runner/.gradle/caches/modules-2/files-2.1/io.netty/netty-transport-native-unix-common/4.2.16.Final/3cf32390f1b80af890ac44aa0698c2ff58c2a4d7/netty-transport-native-unix-common-4.2.16.Final.jar:/home/runner/.gradle/caches/modules-2/files-2.1/io.netty/netty-transport/4.2.16.Final/ae87a3bec51d503475a19fbd718bf777f2fc06c6/netty-transport-4.2.16.Final.jar:/home/runner/.gradle/caches/modules-2/files-2.1/it.unimi.dsi/fastutil/8.5.18/a6cff377eecc19c2037bf31568a6d7106b50ba1f/fastutil-8.5.18.jar:/home/runner/.gradle/caches/modules-2/files-2.1/net.java.dev.jna/jna-platform/5.17.0/a4934c44d25a9d8c2ddf4203affd20330cb3426f/jna-platform-5.17.0.jar:/home/runner/.gradle/caches/modules-2/files-2.1/net.java.dev.jna/jna/5.17.0/33d12735bef894440780fce64f9758d420c7bae2/jna-5.17.0.jar:/home/runner/.gradle/caches/modules-2/files-2.1/net.sf.jopt-simple/jopt-simple/5.0.4/4fdac2fbe92dfad86aa6e9301736f6b4342a3f5c/jopt-simple-5.0.4.jar:/home/runner/.gradle/caches/modules-2/files-2.1/org.apache.commons/commons-compress/1.28.0/e482f2c7a88dac3c497e96aa420b6a769f59c8d7/commons-compress-1.28.0.jar:/home/runner/.gradle/caches/modules-2/files-2.1/org.apache.commons/commons-lang3/3.20.0/65897b3e5731220962e659e001904af3c3cbeba9/commons-lang3-3.20.0.jar:/home/runner/.gradle/caches/modules-2/files-2.1/org.apache.logging.log4j/log4j-api/2.26.0/ad52af0ecf054a7e3f275a2e180ee06d9c490951/log4j-api-2.26.0.jar:/home/runner/.gradle/caches/modules-2/files-2.1/org.apache.logging.log4j/log4j-core/2.26.0/d267ca60b27ddb075e0b4e75e7875859717bf85f/log4j-core-2.26.0.jar:/home/runner/.gradle/caches/modules-2/files-2.1/org.apache.logging.log4j/log4j-slf4j2-impl/2.26.0/668c0f0e813d83f00a7182533aa658ec7e7a0a0d/log4j-slf4j2-impl-2.26.0.jar:/home/runner/.gradle/caches/modules-2/files-2.1/org.jcraft/jorbis/0.0.17/8872d22b293e8f5d7d56ff92be966e6dc28ebdc6/jorbis-0.0.17.jar:/home/runner/.gradle/caches/modules-2/files-2.1/org.joml/joml/1.10.9/438e036486bad66b189bff385dd07dea4f74a146/joml-1.10.9.jar:/home/runner/.gradle/caches/modules-2/files-2.1/org.jspecify/jspecify/1.0.0/7425a601c1c7ec76645a78d22b8c6a627edee507/jspecify-1.0.0.jar:/home/runner/.gradle/caches/modules-2/files-2.1/org.lwjgl/lwjgl-freetype/3.4.3/d2b12961d44f92860fb1ab501f9c69b7a2975236/lwjgl-freetype-3.4.3.jar:/home/runner/.gradle/caches/modules-2/files-2.1/org.lwjgl/lwjgl-freetype/3.4.3/38f27c9a0fbe000bfb38b295c32944d699e246e9/lwjgl-freetype-3.4.3-natives-linux.jar:/home/runner/.gradle/caches/modules-2/files-2.1/org.lwjgl/lwjgl-jemalloc/3.4.3/350f317eaf5295b1e53f6664ef5fdeeaaa7dcbf0/lwjgl-jemalloc-3.4.3.jar:/home/runner/.gradle/caches/modules-2/files-2.1/org.lwjgl/lwjgl-jemalloc/3.4.3/ca21b4b4c6d223907de645a18436ef6f677a5d4f/lwjgl-jemalloc-3.4.3-natives-linux.jar:/home/runner/.gradle/caches/modules-2/files-2.1/org.lwjgl/lwjgl-openal/3.4.3/32b52cda5af6937a4e4bd321bdb83082025cb332/lwjgl-openal-3.4.3.jar:/home/runner/.gradle/caches/modules-2/files-2.1/org.lwjgl/lwjgl-openal/3.4.3/7daa62f9f7b38b30e8a3d3bc7069e9b2e3cd52f0/lwjgl-openal-3.4.3-natives-linux.jar:/home/runner/.gradle/caches/modules-2/files-2.1/org.lwjgl/lwjgl-opengl/3.4.3/b81769ee48050f8c71e70839505f350bf9219d90/lwjgl-opengl-3.4.3.jar:/home/runner/.gradle/caches/modules-2/files-2.1/org.lwjgl/lwjgl-opengl/3.4.3/ec6fb42167943e94f7f0b14707c1737653c4044b/lwjgl-opengl-3.4.3-natives-linux.jar:/home/runner/.gradle/caches/modules-2/files-2.1/org.lwjgl/lwjgl-sdl/3.4.3/c02146735d6ff70d070c73532b435e5c893a346b/lwjgl-sdl-3.4.3.jar:/home/runner/.gradle/caches/modules-2/files-2.1/org.lwjgl/lwjgl-sdl/3.4.3/6ed1b80b7c211a491612c70e43f27ba1f42cccd0/lwjgl-sdl-3.4.3-natives-linux.jar:/home/runner/.gradle/caches/modules-2/files-2.1/org.lwjgl/lwjgl-shaderc/3.4.3/ba9fbc8fc4d50b3e4b436cc958ddb4abdb05867c/lwjgl-shaderc-3.4.3.jar:/home/runner/.gradle/caches/modules-2/files-2.1/org.lwjgl/lwjgl-shaderc/3.4.3/37faa5824f75901f4961e56805aedf68e13cf8b/lwjgl-shaderc-3.4.3-natives-linux.jar:/home/runner/.gradle/caches/modules-2/files-2.1/org.lwjgl/lwjgl-spvc/3.4.3/98e5b5ef5159100b26a169a9aed6c24e820e3eaa/lwjgl-spvc-3.4.3.jar:/home/runner/.gradle/caches/modules-2/files-2.1/org.lwjgl/lwjgl-spvc/3.4.3/709eb01deec4bdafb7634b125a63fd8de172fc50/lwjgl-spvc-3.4.3-natives-linux.jar:/home/runner/.gradle/caches/modules-2/files-2.1/org.lwjgl/lwjgl-stb/3.4.3/cdce54785bd3758e44a81f345d6260774d921c78/lwjgl-stb-3.4.3.jar:/home/runner/.gradle/caches/modules-2/files-2.1/org.lwjgl/lwjgl-stb/3.4.3/3878e44ce27c12791e570b5c8754ef3b68401dd3/lwjgl-stb-3.4.3-natives-linux.jar:/home/runner/.gradle/caches/modules-2/files-2.1/org.lwjgl/lwjgl-vma/3.4.3/816a6ac87f1e447e5346ca0e7a1078353f51fbd6/lwjgl-vma-3.4.3.jar:/home/runner/.gradle/caches/modules-2/files-2.1/org.lwjgl/lwjgl-vma/3.4.3/3a9a95d3e83f7fc49c6ed8d0e1c853b77662d90e/lwjgl-vma-3.4.3-natives-linux.jar:/home/runner/.gradle/caches/modules-2/files-2.1/org.lwjgl/lwjgl-vulkan/3.4.3/ffdaf1898192059f059d66f9fa37e3debcac10e0/lwjgl-vulkan-3.4.3.jar:/home/runner/.gradle/caches/modules-2/files-2.1/org.lwjgl/lwjgl/3.4.3/7ab5265a73d8a959ed62332d546536ae6be2f0d5/lwjgl-3.4.3.jar:/home/runner/.gradle/caches/modules-2/files-2.1/org.lwjgl/lwjgl/3.4.3/2800e134537db1a175eba41c430b1018eddc48f0/lwjgl-3.4.3-natives-linux.jar:/home/runner/.gradle/caches/modules-2/files-2.1/org.slf4j/slf4j-api/2.0.17/d9e58ac9c7779ba3bf8142aff6c830617a7fe60f/slf4j-api-2.0.17.jar:/home/runner/work/CreateGunMod/CreateGunMod/.gradle/loom-cache/minecraftMaven/net/minecraft/minecraft-merged-64a70aef0d/26.3/minecraft-merged-64a70aef0d-26.3.jar:/home/runner/.gradle/caches/modules-2/files-2.1/io.netty/netty-transport-native-kqueue/4.2.16.Final/dd9d41b06355a6a1815d902ee087a693aab83755/netty-transport-native-kqueue-4.2.16.Final-osx-x86_64.jar:/home/runner/.gradle/caches/modules-2/files-2.1/io.netty/netty-transport-native-kqueue/4.2.16.Final/ddb942cad6c0e978caa2215757512b36c5ffacec/netty-transport-native-kqueue-4.2.16.Final-osx-aarch_64.jar:/home/runner/.gradle/caches/modules-2/files-2.1/net.fabricmc.fabric-api/fabric-advancement-api-v1/1.0.0+38c7a2d55d/54c209419f01d579761838892772d4196436752b/fabric-advancement-api-v1-1.0.0+38c7a2d55d.jar:/home/runner/.gradle/caches/modules-2/files-2.1/net.fabricmc.fabric-api/fabric-transfer-api-v1/8.0.25+fcdff87f5d/4680f760ffbd28c38f899488ded76fd7c26082c8/fabric-transfer-api-v1-8.0.25+fcdff87f5d.jar:/home/runner/.gradle/caches/modules-2/files-2.1/net.fabricmc.fabric-api/fabric-api-lookup-api-v1/2.0.24+3434d6d95d/29c412a6baf8e69bf71cab6b7a65b5096ff29a3/fabric-api-lookup-api-v1-2.0.24+3434d6d95d.jar:/home/runner/.gradle/caches/modules-2/files-2.1/net.fabricmc.fabric-api/fabric-block-api-v1/3.1.0+0ae6f9115d/78badf0c664259627830111f2ac0ad2f9f0ff2f7/fabric-block-api-v1-3.1.0+0ae6f9115d.jar:/home/runner/.gradle/caches/modules-2/files-2.1/net.fabricmc.fabric-api/fabric-command-api-v2/3.1.2+fcdff87f5d/69de6c0f1f5926309dad2cd9569027a6d4d99493/fabric-command-api-v2-3.1.2+fcdff87f5d.jar:/home/runner/.gradle/caches/modules-2/files-2.1/net.fabricmc.fabric-api/fabric-content-registries-v0/15.0.4+74ed1ea55d/c316198aeaa747228437e01f8c81efb134dca9f2/fabric-content-registries-v0-15.0.4+74ed1ea55d.jar:/home/runner/.gradle/caches/modules-2/files-2.1/net.fabricmc.fabric-api/fabric-data-generation-api-v1/27.2.4+427eab975d/55b45df85af5f43366fc4a0943f9bf3d5950d2c/fabric-data-generation-api-v1-27.2.4+427eab975d.jar:/home/runner/.gradle/caches/modules-2/files-2.1/net.fabricmc.fabric-api/fabric-convention-tags-v2/4.10.3+6b5b47fd5d/4e4591576deeb6317809bc11e50ecf32a0212c1f/fabric-convention-tags-v2-4.10.3+6b5b47fd5d.jar:/home/runner/.gradle/caches/modules-2/files-2.1/net.fabricmc.fabric-api/fabric-creative-tab-api-v1/5.0.21+fcdff87f5d/c0d1736c1f7b6166f1925eb0bd79f9c97cd1494/fabric-creative-tab-api-v1-5.0.21+fcdff87f5d.jar:/home/runner/.gradle/caches/modules-2/files-2.1/net.fabricmc.fabric-api/fabric-data-attachment-api-v1/2.2.30+3434d6d95d/b31a17053b2113fde7011d5caa54871071f38fe/fabric-data-attachment-api-v1-2.2.30+3434d6d95d.jar:/home/runner/.gradle/caches/modules-2/files-2.1/net.fabricmc.fabric-api/fabric-debug-api-v1/1.0.4+3434d6d95d/e4812b5812a9d92b97604bdf2737780d3cc7612e/fabric-debug-api-v1-1.0.4+3434d6d95d.jar:/home/runner/.gradle/caches/modules-2/files-2.1/net.fabricmc.fabric-api/fabric-dimensions-v1/5.1.19+47f74c985d/2d10026da0876c1e887b512b26d2813a1646c132/fabric-dimensions-v1-5.1.19+47f74c985d.jar:/home/runner/.gradle/caches/modules-2/files-2.1/net.fabricmc.fabric-api/fabric-entity-events-v1/6.0.4+3434d6d95d/731754a9bdfc6784a41d8fb17cd6c08f58fe31e0/fabric-entity-events-v1-6.0.4+3434d6d95d.jar:/home/runner/.gradle/caches/modules-2/files-2.1/net.fabricmc.fabric-api/fabric-events-interaction-v0/5.3.6+3434d6d95d/de80f4728f8559f8e126b857288af8a27da57b81/fabric-events-interaction-v0-5.3.6+3434d6d95d.jar:/home/runner/.gradle/caches/modules-2/files-2.1/net.fabricmc.fabric-api/fabric-game-rule-api-v1/4.0.10+3434d6d95d/3f73b9e94995f6f8a0d38955b98b67ac8d6bb089/fabric-game-rule-api-v1-4.0.10+3434d6d95d.jar:/home/runner/.gradle/caches/modules-2/files-2.1/net.fabricmc.fabric-api/fabric-gametest-api-v1/4.0.32+3434d6d95d/ced6a55e4623994919224b07750f05231dad8c22/fabric-gametest-api-v1-4.0.32+3434d6d95d.jar:/home/runner/.gradle/caches/modules-2/files-2.1/net.fabricmc.fabric-api/fabric-item-api-v1/14.7.0+cf6bc2db5d/9d9e319928f67f49029c86ae56d0414997a534ac/fabric-item-api-v1-14.7.0+cf6bc2db5d.jar:/home/runner/.gradle/caches/modules-2/files-2.1/net.fabricmc.fabric-api/fabric-recipe-api-v1/10.0.8+fcdff87f5d/16ab72f3b3cc37f758a1ac01817b3909b02ce736/fabric-recipe-api-v1-10.0.8+fcdff87f5d.jar:/home/runner/.gradle/caches/modules-2/files-2.1/net.fabricmc.fabric-api/fabric-model-loading-api-v1/8.0.35+fcdff87f5d/51079fee66e5b86d8092981bb1cd19d40a97491e/fabric-model-loading-api-v1-8.0.35+fcdff87f5d.jar:/home/runner/.gradle/caches/modules-2/files-2.1/net.fabricmc.fabric-api/fabric-renderer-indigo/9.1.23+b9d63e335d/d3277e5c11edc7f939ac3ed7f189de56905561c7/fabric-renderer-indigo-9.1.23+b9d63e335d.jar:/home/runner/.gradle/caches/modules-2/files-2.1/net.fabricmc.fabric-api/fabric-renderer-api-v1/17.0.15+79385d0b5d/48172c900e57dbf125490cd132e04fdfdecac7e8/fabric-renderer-api-v1-17.0.15+79385d0b5d.jar:/home/runner/.gradle/caches/modules-2/files-2.1/net.fabricmc.fabric-api/fabric-rendering-v1/27.0.14+901a437c5d/b7b356249f2c16fa58410e8c7694c75f0468a403/fabric-rendering-v1-27.0.14+901a437c5d.jar:/home/runner/.gradle/caches/modules-2/files-2.1/net.fabricmc.fabric-api/fabric-lifecycle-events-v1/4.1.9+ffef5f675d/4184b98a6c1dbfcf6c63dab29cf7f5812d9eaf73/fabric-lifecycle-events-v1-4.1.9+ffef5f675d.jar:/home/runner/.gradle/caches/modules-2/files-2.1/net.fabricmc.fabric-api/fabric-loot-api-v3/4.0.8+4068fd645d/3f74e49f671c5ef812512b9ff6ca35a531f06cf7/fabric-loot-api-v3-4.0.8+4068fd645d.jar:/home/runner/.gradle/caches/modules-2/files-2.1/net.fabricmc.fabric-api/fabric-menu-api-v1/2.0.27+ed66f0a35d/5f52c5da57fbbdd96604ed12bcec0a0fba779dfe/fabric-menu-api-v1-2.0.27+ed66f0a35d.jar:/home/runner/.gradle/caches/modules-2/files-2.1/net.fabricmc.fabric-api/fabric-message-api-v1/7.0.10+3434d6d95d/5b224f019d030f7bb70584866f4f6329fa9a21b3/fabric-message-api-v1-7.0.10+3434d6d95d.jar:/home/runner/.gradle/caches/modules-2/files-2.1/net.fabricmc.fabric-api/fabric-client-gametest-api-v1/6.0.7+4be74c3f5d/b5512c68896b9692f81db7ddc5f2f6d72b18615/fabric-client-gametest-api-v1-6.0.7+4be74c3f5d.jar:/home/runner/.gradle/caches/modules-2/files-2.1/net.fabricmc.fabric-api/fabric-particles-v1/5.0.24+3434d6d95d/f737b753bad5f3b94d9d07985853539f4c6ee416/fabric-particles-v1-5.0.24+3434d6d95d.jar:/home/runner/.gradle/caches/modules-2/files-2.1/net.fabricmc.fabric-api/fabric-object-builder-api-v1/24.1.9+3434d6d95d/24f679e28b1c3a4fd44b339a03161774f880139/fabric-object-builder-api-v1-24.1.9+3434d6d95d.jar:/home/runner/.gradle/caches/modules-2/files-2.1/net.fabricmc.fabric-api/fabric-registry-sync-v0/8.0.1+fcdff87f5d/7c5c6642c01a0d37abccc8546b86833ca2c9e667/fabric-registry-sync-v0-8.0.1+fcdff87f5d.jar:/home/runner/.gradle/caches/modules-2/files-2.1/net.fabricmc.fabric-api/fabric-networking-api-v1/6.3.8+fcdff87f5d/1487018aa4c0cc74d0e32b89c5b2da9b1c00ebb8/fabric-networking-api-v1-6.3.8+fcdff87f5d.jar:/home/runner/.gradle/caches/modules-2/files-2.1/net.fabricmc.fabric-api/fabric-permission-api-v1/1.0.8+fcdff87f5d/b5ffb6d1e882755032aa6b79265e32699be57c88/fabric-permission-api-v1-1.0.8+fcdff87f5d.jar:/home/runner/.gradle/caches/modules-2/files-2.1/net.fabricmc.fabric-api/fabric-rendering-fluids-v1/6.0.6+3434d6d95d/f346710e5fb0751998cb84d4772b1b2827e1ad57/fabric-rendering-fluids-v1-6.0.6+3434d6d95d.jar:/home/runner/.gradle/caches/modules-2/files-2.1/net.fabricmc.fabric-api/fabric-tag-api-v1/2.1.10+fcdff87f5d/6b70d67fcea94ef97a08cda0d7810fd89238a83/fabric-tag-api-v1-2.1.10+fcdff87f5d.jar:/home/runner/.gradle/caches/modules-2/files-2.1/net.fabricmc.fabric-api/fabric-resource-loader-v0/3.3.26+4fc5413f5d/2fd2238d86a13d9f43244d030ae0a33ee8e4d092/fabric-resource-loader-v0-3.3.26+4fc5413f5d.jar:/home/runner/.gradle/caches/modules-2/files-2.1/net.fabricmc.fabric-api/fabric-resource-loader-v1/3.0.4+fcdff87f5d/23991cd88d413af9c9bc9fdaa43e1a4f7156917a/fabric-resource-loader-v1-3.0.4+fcdff87f5d.jar:/home/runner/.gradle/caches/modules-2/files-2.1/net.fabricmc.fabric-api/fabric-screen-api-v1/5.2.4+48607d035d/43207d0cbe1a0098cc0281b62a9a246f05771f9d/fabric-screen-api-v1-5.2.4+48607d035d.jar:/home/runner/.gradle/caches/modules-2/files-2.1/net.fabricmc.fabric-api/fabric-api-base/2.0.6+fcdff87f5d/449053de5093613bbdf6d439bedd431a7ad77da2/fabric-api-base-2.0.6+fcdff87f5d.jar:/home/runner/.gradle/caches/modules-2/files-2.1/net.fabricmc.fabric-api/fabric-biome-api-v1/20.0.9+74ed1ea55d/587c148a61dd7b76db105d39f556dd741fbbbe2f/fabric-biome-api-v1-20.0.9+74ed1ea55d.jar:/home/runner/.gradle/caches/modules-2/files-2.1/net.fabricmc.fabric-api/fabric-block-getter-api-v2/2.0.9+3434d6d95d/56fd2980cfdb2e557bd51dfa743d92bb7befcdb6/fabric-block-getter-api-v2-2.0.9+3434d6d95d.jar:/home/runner/.gradle/caches/modules-2/files-2.1/net.fabricmc.fabric-api/fabric-crash-report-info-v1/1.0.7+fcdff87f5d/a5531952f47841e359bc2ca8cb807add8c76c5c5/fabric-crash-report-info-v1-1.0.7+fcdff87f5d.jar:/home/runner/.gradle/caches/modules-2/files-2.1/net.fabricmc.fabric-api/fabric-key-mapping-api-v1/2.0.8+3434d6d95d/89eb86ef13d05ebc9f725f0c55d9db69abc6fc06/fabric-key-mapping-api-v1-2.0.8+3434d6d95d.jar:/home/runner/.gradle/caches/modules-2/files-2.1/net.fabricmc.fabric-api/fabric-resource-conditions-api-v1/6.1.5+3434d6d95d/c009f3d1b43e3e26053d4809055b265bbbfa7044/fabric-resource-conditions-api-v1-6.1.5+3434d6d95d.jar:/home/runner/.gradle/caches/modules-2/files-2.1/net.fabricmc.fabric-api/fabric-serialization-api-v1/2.0.7+74ed1ea55d/6461e300b93b46986d74f092660dd9d39a1125c0/fabric-serialization-api-v1-2.0.7+74ed1ea55d.jar:/home/runner/.gradle/caches/modules-2/files-2.1/net.fabricmc.fabric-api/fabric-sound-api-v1/2.0.7+3434d6d95d/59e460c1b9e943d662fd0827f0461ff60b7f23d1/fabric-sound-api-v1-2.0.7+3434d6d95d.jar:/home/runner/.gradle/caches/modules-2/files-2.1/net.fabricmc.fabric-api/fabric-transitive-access-wideners-v1/8.1.16+52268a0e5d/8322e1bc6d3e3993dce826a41f4a199944269bcb/fabric-transitive-access-wideners-v1-8.1.16+52268a0e5d.jar:/home/runner/work/CreateGunMod/CreateGunMod/build/classes/java/main:/home/runner/work/CreateGunMod/CreateGunMod/build/resources/main)
		at knot//com.sun.jna.Native.extractFromResourcePath(Native.java:1141)
		at knot//com.sun.jna.NativeLibrary.loadLibrary(NativeLibrary.java:297)
		... 12 more
[12:56:54] [Render thread/INFO] (Minecraft) Reloading ResourceManager: vanilla, vanilla, cgs, create, fabric-advancement-api-v1, fabric-api, fabric-api-base, fabric-api-lookup-api-v1, fabric-biome-api-v1, fabric-block-api-v1, fabric-block-getter-api-v2, fabric-client-gametest-api-v1, fabric-command-api-v2, fabric-content-registries-v0, fabric-convention-tags-v2, fabric-crash-report-info-v1, fabric-creative-tab-api-v1, fabric-data-attachment-api-v1, fabric-data-generation-api-v1, fabric-debug-api-v1, fabric-dimensions-v1, fabric-entity-events-v1, fabric-events-interaction-v0, fabric-game-rule-api-v1, fabric-gametest-api-v1, fabric-item-api-v1, fabric-key-mapping-api-v1, fabric-lifecycle-events-v1, fabric-loot-api-v3, fabric-menu-api-v1, fabric-message-api-v1, fabric-model-loading-api-v1, fabric-networking-api-v1, fabric-object-builder-api-v1, fabric-particles-v1, fabric-permission-api-v1, fabric-recipe-api-v1, fabric-registry-sync-v0, fabric-renderer-api-v1, fabric-renderer-indigo, fabric-rendering-fluids-v1, fabric-rendering-v1, fabric-resource-conditions-api-v1, fabric-resource-loader-v0, fabric-resource-loader-v1, fabric-screen-api-v1, fabric-serialization-api-v1, fabric-sound-api-v1, fabric-tag-api-v1, fabric-transfer-api-v1, fabric-transitive-access-wideners-v1, fabricloader, ntgl
[12:56:54] [Worker-Main-2/WARN] (Minecraft) File cgs:sounds/gun/revolver/fire/fire_01.ogg does not exist, cannot add it to event cgs:gun.revolver.fire
[12:56:54] [Worker-Main-2/WARN] (Minecraft) File cgs:sounds/gun/shotgun/fire/fire_03.ogg does not exist, cannot add it to event cgs:gun.shotgun.fire
[12:56:54] [Worker-Main-2/WARN] (Minecraft) File ntgl:sounds/item/assault_rifle/cock.ogg does not exist, cannot add it to event ntgl:item.assault_rifle.cock
[12:56:54] [Worker-Main-2/WARN] (Minecraft) File ntgl:sounds/item/bazooka/fire.ogg does not exist, cannot add it to event ntgl:item.bazooka.fire
[12:56:54] [Worker-Main-1/INFO] (Minecraft) Found unifont_all_no_pua-17.0.01.hex, loading
[12:56:54] [Worker-Main-2/INFO] (Minecraft) Found unifont_pua-17.0.01.hex, loading
[12:56:54] [Worker-Main-1/INFO] (Minecraft) Found unifont_jp_patch-17.0.01.hex, loading
[12:56:55] [Worker-Main-2/WARN] (GeckoLib) cgs:geckolib/models/weapons/blazegun.geo.json: Unknown geo model format version: '1.21.110'. This may not work correctly
[12:56:55] [Worker-Main-2/WARN] (GeckoLib) ntgl:geckolib/models/weapons/classic10mm.geo.json: Unknown geo model format version: '1.21.110'. This may not work correctly
[12:56:55] [Worker-Main-2/WARN] (GeckoLib) ntgl:geckolib/models/weapons/deathclaw_gauntlet.geo.json: Unknown geo model format version: '1.21.110'. This may not work correctly
[12:56:56] [Worker-Main-2/WARN] (GeckoLib) cgs:geckolib/models/weapons/flintlock.geo.json: Unknown geo model format version: '1.21.110'. This may not work correctly
[12:56:56] [Worker-Main-2/WARN] (GeckoLib) cgs:geckolib/models/weapons/frag_grenade.geo.json: Unknown geo model format version: '1.21.110'. This may not work correctly
[12:56:56] [Worker-Main-2/WARN] (GeckoLib) cgs:geckolib/models/weapons/gatling.geo.json: Unknown geo model format version: '1.21.110'. This may not work correctly
[12:56:56] [Worker-Main-2/WARN] (GeckoLib) cgs:geckolib/models/weapons/launcher.geo.json: Unknown geo model format version: '1.21.110'. This may not work correctly
[12:56:56] [Worker-Main-2/WARN] (GeckoLib) cgs:geckolib/models/weapons/nailgun.geo.json: Unknown geo model format version: '1.21.110'. This may not work correctly
[12:56:56] [Worker-Main-2/WARN] (GeckoLib) ntgl:geckolib/models/weapons/pistol10mm.geo.json: Unknown geo model format version: '1.21.110'. This may not work correctly
[12:56:56] [Worker-Main-2/WARN] (GeckoLib) ntgl:geckolib/models/weapons/revolver.geo.json: Unknown geo model format version: '1.21.110'. This may not work correctly
[12:56:56] [Worker-Main-2/WARN] (GeckoLib) cgs:geckolib/models/weapons/shotgun.geo.json: Unknown geo model format version: '1.21.110'. This may not work correctly
[12:56:56] [Render thread/INFO] (PonderIndex) Registering Ponder Scenes took 129.4 ms
[12:56:56] [Render thread/INFO] (PonderIndex) Registering Ponder Tags took 9.523 ms
[12:56:57] [Worker-Main-1/WARN] (Minecraft) Missing textures in model ntgl:item/t45_body:
    nukacraft:item/power_armor/t45/t45_body
[12:56:57] [Worker-Main-1/WARN] (Minecraft) Missing textures in model ntgl:item/mini_nuke:
    ntgl:guns/fatman/mini_nuke
[12:56:57] [Worker-Main-1/WARN] (Minecraft) Missing textures in model ntgl:item/silencer:
    ntgl:item/silencer
[12:56:57] [Worker-Main-1/WARN] (Minecraft) Missing textures in model ntgl:item/t45_helmet:
    nukacraft:item/power_armor/t45/t45_helmet
[12:56:57] [Worker-Main-1/WARN] (Minecraft) Missing textures in model ntgl:item/t45_left_arm:
    nukacraft:item/power_armor/t45/t45_left_arm
[12:56:57] [Worker-Main-1/WARN] (Minecraft) Missing textures in model ntgl:item/t45_right_leg:
    nukacraft:item/power_armor/t45/t45_right_leg
[12:56:57] [Worker-Main-1/WARN] (Minecraft) Missing textures in model ntgl:item/shotshell:
    ntgl:item/shotshell
[12:56:57] [Worker-Main-1/WARN] (Minecraft) Missing textures in model ntgl:item/t45_right_arm:
    nukacraft:item/power_armor/t45/t45_right_arm
[12:56:57] [Worker-Main-1/WARN] (Minecraft) Missing textures in model ntgl:item/t45_left_leg:
    nukacraft:item/power_armor/t45/t45_left_leg
[12:56:57] [Worker-Main-1/WARN] (Minecraft) Missing texture references in model ntgl:item/hammer:
    particle
[12:56:57] [Worker-Main-1/WARN] (Minecraft) Missing texture references in model ntgl:item/scout10mm:
    particle
[12:56:57] [Worker-Main-1/WARN] (Minecraft) Missing texture references in model ntgl:item/powdergun:
    particle
[12:56:57] [Worker-Main-1/WARN] (Minecraft) Missing texture references in model ntgl:item/revolver:
    particle
[12:56:57] [Worker-Main-1/WARN] (Minecraft) Missing texture references in model ntgl:item/pipepistol:
    particle
[12:56:57] [Worker-Main-1/WARN] (Minecraft) Missing texture references in model ntgl:item/piperevolver:
    particle
[12:56:57] [Worker-Main-1/WARN] (Minecraft) Missing texture references in model ntgl:item/gatling:
    particle
[12:56:57] [Worker-Main-1/WARN] (Minecraft) Missing texture references in model ntgl:item/flamer:
    particle
[12:56:57] [Worker-Main-1/WARN] (Minecraft) Missing texture references in model ntgl:item/classic10mm:
    particle
[12:56:57] [Worker-Main-1/WARN] (Minecraft) Missing texture references in model ntgl:item/pistol10mm:
    particle
[12:56:57] [Worker-Main-1/WARN] (Minecraft) Missing texture references in model ntgl:item/grenade:
    particle
[12:56:57] [Worker-Main-1/WARN] (Minecraft) Missing texture references in model ntgl:item/shotgun:
    particle
[12:56:57] [Worker-Main-1/WARN] (Minecraft) Missing texture references in model ntgl:item/fatman:
    particle
[12:56:57] [Worker-Main-1/WARN] (Minecraft) Missing texture references in model ntgl:item/deathclaw_gauntlet:
    particle
[12:56:57] [Worker-Main-1/WARN] (Minecraft) Missing texture references in model ntgl:item/minigun:
    particle
[12:56:58] [Render thread/ERROR] (Minecraft) Error starting SoundSystem. Turning off sounds & music
java.lang.IllegalStateException: Failed to open OpenAL device
	at knot//com.mojang.blaze3d.audio.Library.openDeviceOrFallback(Library.java:274)
	at knot//com.mojang.blaze3d.audio.Library.init(Library.java:149)
	at knot//net.minecraft.client.sounds.SoundEngine.loadLibrary(SoundEngine.java:121)
	at knot//net.minecraft.client.sounds.SoundEngine.reload(SoundEngine.java:110)
	at knot//net.minecraft.client.sounds.SoundManager.apply(SoundManager.java:122)
	at knot//net.minecraft.client.sounds.SoundManager.apply(SoundManager.java:41)
	at knot//net.minecraft.server.packs.resources.SimplePreparableReloadListener.lambda$reload$1(SimplePreparableReloadListener.java:15)
	at java.base/java.util.concurrent.CompletableFuture$UniAccept.tryFire(CompletableFuture.java:739)
	at java.base/java.util.concurrent.CompletableFuture$Completion.run(CompletableFuture.java:503)
	at knot//net.minecraft.server.packs.resources.SimpleReloadInstance.lambda$prepareTasks$3(SimpleReloadInstance.java:59)
	at knot//net.minecraft.util.thread.BlockableEventLoop.doRunTask(BlockableEventLoop.java:173)
	at knot//net.minecraft.util.thread.ReentrantBlockableEventLoop.doRunTask(ReentrantBlockableEventLoop.java:23)
	at knot//net.minecraft.util.thread.BlockableEventLoop.pollTask(BlockableEventLoop.java:147)
	at knot//net.minecraft.util.thread.BlockableEventLoop.runAllTasks(BlockableEventLoop.java:127)
	at knot//net.minecraft.client.Minecraft.runTick(Minecraft.java:1240)
	at knot//net.minecraft.client.Minecraft.run$mixinextras$wrapped$295(Minecraft.java:967)
	at knot//net.minecraft.client.Minecraft.mixinextras$bridge$run$mixinextras$wrapped$295$296(Minecraft.java)
	at knot//net.minecraft.client.Minecraft.wrapMethod$zfn000$fabric-client-gametest-api-v1$onRun(Minecraft.java:3728)
	at knot//net.minecraft.client.Minecraft.run(Minecraft.java)
	at knot//net.minecraft.client.main.Main.main(Main.java:292)
	at net.fabricmc.loader.impl.game.minecraft.MinecraftGameProvider.launch(MinecraftGameProvider.java:517)
	at net.fabricmc.loader.impl.launch.knot.Knot.launch(Knot.java:72)
	at net.fabricmc.loader.impl.launch.knot.KnotClient.main(KnotClient.java:23)
	at net.fabricmc.devlaunchinjector.Main.main(Main.java:86)
[12:56:58] [Render thread/INFO] (Minecraft) Created: 512x512x0 minecraft:textures/atlas/particles.png-atlas
[12:56:58] [Render thread/INFO] (Minecraft) Created: 256x128x0 minecraft:textures/atlas/celestials.png-atlas
[12:56:58] [Render thread/INFO] (Minecraft) Created: 128x128x0 minecraft:textures/atlas/decorated_pot.png-atlas
[12:56:58] [Render thread/INFO] (Minecraft) Created: 512x256x0 minecraft:textures/atlas/paintings.png-atlas
[12:56:58] [Render thread/INFO] (Minecraft) Created: 1024x512x0 minecraft:textures/atlas/shield_patterns.png-atlas
[12:56:58] [Render thread/INFO] (Minecraft) Created: 1024x512x0 minecraft:textures/atlas/banner_patterns.png-atlas
[12:56:58] [Render thread/INFO] (Minecraft) Created: 4096x4096x4 minecraft:textures/atlas/blocks.png-atlas
[12:56:59] [Render thread/INFO] (Minecraft) Created: 1024x512x0 minecraft:textures/atlas/items.png-atlas
[12:56:59] [Render thread/INFO] (Minecraft) Created: 1024x1024x0 minecraft:textures/atlas/gui.png-atlas
[12:56:59] [Render thread/INFO] (Minecraft) Created: 128x64x0 minecraft:textures/atlas/map_decorations.png-atlas
[12:56:59] [Render thread/INFO] (Minecraft) Created: 512x512x0 minecraft:textures/atlas/chest.png-atlas
[12:56:59] [Render thread/INFO] (Minecraft) Created: 512x512x0 minecraft:textures/atlas/shulker_boxes.png-atlas
[12:56:59] [Render thread/INFO] (flywheel/backend/shaders) Loaded 81 shader sources in 22.098 ms
[12:56:59] [Render thread/INFO] (Create) Loaded 59 train hat configurations.
[12:56:59] [Render thread/INFO] (GeckoLib) Loaded 40 models and 32 animations from resources
[12:56:59] [Download-1/INFO] (Minecraft) Could not authorize you against Realms server: java.lang.RuntimeException: Failed to parse into SignedJWT: FabricMC
[12:56:59] [Download-1/ERROR] (Minecraft) Couldn't connect to realms
com.mojang.realmsclient.exception.RealmsServiceException: Realms authentication error with message 'java.lang.RuntimeException: Failed to parse into SignedJWT: FabricMC'
	at knot//com.mojang.realmsclient.client.RealmsClient.execute(RealmsClient.java:625)
	at knot//com.mojang.realmsclient.client.RealmsClient.clientCompatible(RealmsClient.java:354)
	at knot//com.mojang.realmsclient.RealmsAvailability.lambda$check$0(RealmsAvailability.java:48)
	at java.base/java.util.concurrent.CompletableFuture$AsyncSupply.run(CompletableFuture.java:1789)
	at java.base/java.util.concurrent.ThreadPoolExecutor.runWorker(ThreadPoolExecutor.java:1090)
	at java.base/java.util.concurrent.ThreadPoolExecutor$Worker.run(ThreadPoolExecutor.java:614)
	at java.base/java.lang.Thread.run(Thread.java:1474)
[12:57:03] [Worker-Main-3/INFO] (Minecraft) Loaded 3022 advancements
[12:57:03] [Render thread/INFO] (fabric-client-gametest-api-v1) World loading finished: null screen: net.minecraft.client.gui.screens.GenericMessageScreen@5519c7b
[12:57:03] [Render thread/INFO] (BiomeModificationImpl) Applied 61 biome modifications to 61 of 67 new biomes in 11.90 ms
[12:57:03] [Server thread/INFO] (Minecraft) Starting integrated minecraft server version 26.3
[12:57:03] [Server thread/INFO] (Minecraft) Generating keypair
[12:57:04] [Server thread/INFO] (Minecraft) Selecting global world spawn...
[12:57:04] [Server thread/INFO] (Minecraft) Loading 0 persistent chunks...
[12:57:04] [Server thread/INFO] (Minecraft) Preparing spawn area: 16%
[12:57:04] [Server thread/INFO] (Minecraft) Saving chunks for level 'ServerLevel[New World]'/minecraft:overworld
[12:57:04] [Server thread/INFO] (Minecraft) Saving chunks for level 'ServerLevel[New World]'/minecraft:the_nether
[12:57:04] [Server thread/INFO] (Minecraft) Saving chunks for level 'ServerLevel[New World]'/minecraft:the_end
[12:57:04] [Server thread/WARN] (TranslationConventionLogWarnings) 
	Dev warning - Untranslated Item Tags detected. Please translate your item tags so other mods such as recipe viewers can properly display your tag's name.
	The format desired is tag.item.<namespace>.<path> for the translation key with slashes in path turned into periods.
	To disable this message, set this system property in your runs: `-Dfabric-tag-conventions-v2.missingTagTranslationWarning=SILENCED`.
	To see individual untranslated item tags found, set the system property to `-Dfabric-tag-conventions-v2.missingTagTranslationWarning=VERBOSE`.
	Default is `SHORT`.

[12:57:04] [Render thread/INFO] (fabric-client-gametest-api-v1) World loading finished: null screen: net.minecraft.client.gui.screens.LevelLoadingScreen@505c33f5
[12:57:04] [Render thread/INFO] (fabric-client-gametest-api-v1) World loading finished: null screen: net.minecraft.client.gui.screens.LevelLoadingScreen@505c33f5
[12:57:04] [Render thread/INFO] (fabric-client-gametest-api-v1) World loading finished: null screen: net.minecraft.client.gui.screens.LevelLoadingScreen@505c33f5
[12:57:05] [Render thread/INFO] (fabric-client-gametest-api-v1) World loading finished: null screen: net.minecraft.client.gui.screens.LevelLoadingScreen@505c33f5
[12:57:05] [Render thread/INFO] (fabric-client-gametest-api-v1) World loading finished: null screen: net.minecraft.client.gui.screens.LevelLoadingScreen@505c33f5
[12:57:05] [Render thread/INFO] (fabric-client-gametest-api-v1) World loading finished: null screen: net.minecraft.client.gui.screens.LevelLoadingScreen@505c33f5
[12:57:05] [Server thread/INFO] (Minecraft) Loading 48 chunks for player spawn...
[12:57:05] [Server thread/INFO] (Minecraft) Preparing spawn area: 16%
[12:57:05] [Render thread/INFO] (fabric-client-gametest-api-v1) World loading finished: null screen: net.minecraft.client.gui.screens.LevelLoadingScreen@505c33f5
[12:57:05] [Server thread/INFO] (Minecraft) Preparing spawn area: 16%
[12:57:05] [Render thread/INFO] (fabric-client-gametest-api-v1) World loading finished: null screen: net.minecraft.client.gui.screens.LevelLoadingScreen@505c33f5
[12:57:05] [Render thread/INFO] (fabric-client-gametest-api-v1) World loading finished: null screen: net.minecraft.client.gui.screens.LevelLoadingScreen@505c33f5
[12:57:05] [Render thread/INFO] (fabric-client-gametest-api-v1) World loading finished: null screen: net.minecraft.client.gui.screens.LevelLoadingScreen@505c33f5
[12:57:05] [Render thread/INFO] (fabric-client-gametest-api-v1) World loading finished: null screen: net.minecraft.client.gui.screens.LevelLoadingScreen@505c33f5
[12:57:05] [Render thread/INFO] (fabric-client-gametest-api-v1) World loading finished: null screen: net.minecraft.client.gui.screens.LevelLoadingScreen@505c33f5
[12:57:05] [Server thread/INFO] (Minecraft) Preparing spawn area: 100%
[12:57:05] [Server thread/INFO] (Minecraft) Time elapsed: 1518 ms
[12:57:05] [Render thread/INFO] (fabric-client-gametest-api-v1) World loading finished: null screen: net.minecraft.client.gui.screens.LevelLoadingScreen@505c33f5
[12:57:06] [Server thread/INFO] (Minecraft) Player0[local:E:8a9c8b4d] logged in with entity id 1 at (0.5, -60.0, 0.5)
[12:57:06] [Server thread/INFO] (Minecraft) System chat: Player0 joined the game
[12:57:06] [Server thread/INFO] (Minecraft) Changing view distance to 5, from 10
[12:57:06] [Server thread/INFO] (Minecraft) Changing simulation distance to 12, from 0
[12:57:06] [Render thread/INFO] (fabric-client-gametest-api-v1) World loading finished: null screen: net.minecraft.client.gui.screens.LevelLoadingScreen@505c33f5
[12:57:06] [Render thread/INFO] (flywheel) Started 1 worker threads
[12:57:06] [Render thread/INFO] (Minecraft) Loaded 2 advancements
[12:57:06] [Render thread/INFO] (fabric-client-gametest-api-v1) World loading finished: ClientLevel screen: net.minecraft.client.gui.screens.LevelLoadingScreen@505c33f5
[12:57:06] [Render thread/WARN] (Minecraft) Requested post effect does not exist: minecraft:end_of_frame
[12:57:06] [Render thread/INFO] (Minecraft) Resizing Dynamic Transforms UBO, capacity limit of 2 reached during a single frame. New capacity will be 4.
[12:57:06] [Render thread/INFO] (fabric-client-gametest-api-v1) World loading finished: ClientLevel screen: net.minecraft.client.gui.screens.LevelLoadingScreen@505c33f5
[12:57:06] [Render thread/INFO] (Minecraft) Resizing Dynamic Transforms UBO, capacity limit of 4 reached during a single frame. New capacity will be 8.
[12:57:07] [Render thread/INFO] (fabric-client-gametest-api-v1) World loading finished: ClientLevel screen: net.minecraft.client.gui.screens.LevelLoadingScreen@505c33f5
[12:57:07] [Render thread/INFO] (Minecraft) Resizing Dynamic Transforms UBO, capacity limit of 8 reached during a single frame. New capacity will be 16.
[12:57:07] [Render thread/INFO] (fabric-client-gametest-api-v1) World loading finished: ClientLevel screen: net.minecraft.client.gui.screens.LevelLoadingScreen@505c33f5
[12:57:07] [Render thread/INFO] (fabric-client-gametest-api-v1) World loading finished: ClientLevel screen: net.minecraft.client.gui.screens.LevelLoadingScreen@505c33f5
[12:57:07] [Render thread/INFO] (Minecraft) Resizing Chunk Sections Command Buffer, capacity limit of 2 reached during a single frame. New capacity will be 8.
[12:57:07] [Render thread/INFO] (Minecraft) Resizing Chunk Sections Instanced, capacity limit of 2 reached during a single frame. New capacity will be 8.
[12:57:07] [Render thread/INFO] (fabric-client-gametest-api-v1) World loading finished: ClientLevel screen: net.minecraft.client.gui.screens.LevelLoadingScreen@505c33f5
[12:57:07] [Render thread/INFO] (fabric-client-gametest-api-v1) World loading finished: ClientLevel screen: net.minecraft.client.gui.screens.LevelLoadingScreen@505c33f5
[12:57:07] [Render thread/INFO] (fabric-client-gametest-api-v1) World loading finished: ClientLevel screen: net.minecraft.client.gui.screens.LevelLoadingScreen@505c33f5
[12:57:07] [Render thread/INFO] (fabric-client-gametest-api-v1) World loading finished: ClientLevel screen: net.minecraft.client.gui.screens.LevelLoadingScreen@505c33f5
[12:57:07] [Render thread/INFO] (Minecraft) Resizing Chunk Sections Command Buffer, capacity limit of 8 reached during a single frame. New capacity will be 16.
[12:57:07] [Render thread/INFO] (Minecraft) Resizing Chunk Sections Instanced, capacity limit of 8 reached during a single frame. New capacity will be 16.
[12:57:07] [Render thread/INFO] (fabric-client-gametest-api-v1) World loading finished: ClientLevel screen: net.minecraft.client.gui.screens.LevelLoadingScreen@505c33f5
[12:57:07] [Render thread/INFO] (fabric-client-gametest-api-v1) World loading finished: ClientLevel screen: null
[12:57:08] [Render thread/INFO] (Minecraft) Resizing Chunk Sections Command Buffer, capacity limit of 16 reached during a single frame. New capacity will be 32.
[12:57:08] [Render thread/INFO] (Minecraft) Resizing Chunk Sections Instanced, capacity limit of 16 reached during a single frame. New capacity will be 32.
[12:57:09] [Server thread/WARN] (Minecraft) Can't keep up! Is the server overloaded? Running 2023ms or 40 ticks behind
[12:57:09] [Render thread/INFO] (Minecraft) Resizing Chunk Sections Command Buffer, capacity limit of 32 reached during a single frame. New capacity will be 64.
[12:57:09] [Render thread/INFO] (Minecraft) Resizing Chunk Sections Instanced, capacity limit of 32 reached during a single frame. New capacity will be 64.
[12:57:09] [Server thread/INFO] (Minecraft) System chat: Set Player0's game mode to Creative Mode
[12:57:09] [Server thread/INFO] (Minecraft) System chat: Set minecraft:overworld to time marker minecraft:noon
[12:57:09] [Server thread/INFO] (Minecraft) System chat: Set the weather to clear
[12:57:09] [Server thread/INFO] (Minecraft) System chat: No entity was found
[12:57:09] [Server thread/INFO] (Minecraft) System chat: Successfully filled 255 block(s)
[12:57:09] [Server thread/INFO] (Minecraft) System chat: No blocks were filled
[12:57:09] [Server thread/INFO] (Minecraft) System chat: Successfully filled 77 block(s)
[12:57:09] [Server thread/INFO] (Minecraft) System chat: Teleported Player0 to 0.500000, 150.000000, 0.500000
[12:57:09] [Render thread/INFO] (Minecraft) [System] [CHAT] Your game mode has been updated to Creative Mode
[12:57:09] [Render thread/INFO] (Gunsmithing) [smoke] animation ids: [cgs:weapons/blazegun, cgs:weapons/flintlock, cgs:weapons/frag_grenade, cgs:weapons/gatling, cgs:weapons/hammer, cgs:weapons/launcher, cgs:weapons/nailgun, cgs:weapons/revolver, cgs:weapons/shotgun]
[12:57:09] [Render thread/INFO] (Gunsmithing) [smoke] model ids: [cgs:projectile/nail, cgs:projectile/rocket, cgs:projectile/small_rocket, cgs:projectile/spear, cgs:weapons/blazegun, cgs:weapons/flintlock, cgs:weapons/frag_grenade, cgs:weapons/gatling, cgs:weapons/hammer, cgs:weapons/launcher, cgs:weapons/nailgun, cgs:weapons/revolver, cgs:weapons/shotgun]
[12:57:09] [Server thread/INFO] (Minecraft) System chat: No entity was found
[12:57:09] [Server thread/INFO] (Minecraft) System chat: No blocks were filled
[12:57:09] [Server thread/INFO] (Minecraft) System chat: Successfully filled 77 block(s)
[12:57:09] [Server thread/INFO] (Minecraft) System chat: Successfully filled 77 block(s)
[12:57:09] [Server thread/INFO] (Minecraft) System chat: Teleported Player0 to 0.500000, 150.000000, 0.500000
[12:57:10] [Server thread/INFO] (Minecraft) System chat: Replaced 1 slot(s) on Player0 with [Revolver]
[12:57:10] [Render thread/INFO] (Minecraft) Loaded 7 advancements
[12:57:18] [Server thread/INFO] (Minecraft) System chat: Summoned new Zombie
[12:57:18] [Render thread/INFO] (Gunsmithing) [smoke] revolver: before attack: held cgs:revolver ammo 6 shooting false reloading false screen null
[12:57:18] [Render thread/INFO] (Minecraft) Resizing Terrain UBO, capacity limit of 1 reached during a single frame. New capacity will be 2.
[12:57:22] [Test thread/INFO] (Gunsmithing) [smoke] revolver: entities seen [player, zombie]
[12:57:22] [Render thread/INFO] (Gunsmithing) [smoke] revolver: after attack: held cgs:revolver ammo 6 shooting false reloading false screen null
[12:57:22] [Server thread/INFO] (Gunsmithing) [smoke] revolver: server entity zombie health 7.144 on fire true
[12:57:22] [Server thread/INFO] (Minecraft) System chat: Player0 has made the advancement [Monster Hunter]
[12:57:22] [Server thread/INFO] (Minecraft) System chat: Killed Zombie
[12:57:22] [Server thread/INFO] (Minecraft) System chat: Target has no effects to remove
[12:57:22] [Render thread/INFO] (Minecraft) [System] [CHAT] Player0 has made the advancement [Monster Hunter]
[12:57:22] [Render thread/INFO] (Minecraft) Loaded 49 advancements
[12:57:23] [Server thread/INFO] (Minecraft) System chat: Killed 3 entities
[12:57:23] [Server thread/INFO] (Minecraft) System chat: No blocks were filled
[12:57:23] [Server thread/INFO] (Minecraft) System chat: Successfully filled 77 block(s)
[12:57:23] [Server thread/INFO] (Minecraft) System chat: Successfully filled 77 block(s)
[12:57:23] [Server thread/INFO] (Minecraft) System chat: Teleported Player0 to 0.500000, 150.000000, 0.500000
[12:57:23] [Server thread/INFO] (Minecraft) System chat: Replaced 1 slot(s) on Player0 with [Flintlock]
[12:57:31] [Server thread/INFO] (Minecraft) System chat: Summoned new Zombie
[12:57:31] [Render thread/INFO] (Gunsmithing) [smoke] flintlock: before attack: held cgs:flintlock ammo 1 shooting false reloading false screen null
[12:57:36] [Test thread/INFO] (Gunsmithing) [smoke] flintlock: entities seen [player, zombie]
[12:57:36] [Render thread/INFO] (Gunsmithing) [smoke] flintlock: after attack: held cgs:flintlock ammo 1 shooting false reloading false screen null
[12:57:36] [Server thread/INFO] (Gunsmithing) [smoke] flintlock: server entity zombie health 4.5769997 on fire true
[12:57:36] [Server thread/INFO] (Minecraft) System chat: Killed Zombie
[12:57:36] [Server thread/INFO] (Minecraft) System chat: Target has no effects to remove
[12:57:36] [Server thread/INFO] (Minecraft) System chat: Killed 4 entities
[12:57:36] [Server thread/INFO] (Minecraft) System chat: No blocks were filled
[12:57:36] [Server thread/INFO] (Minecraft) System chat: Successfully filled 77 block(s)
[12:57:36] [Server thread/INFO] (Minecraft) System chat: Successfully filled 77 block(s)
[12:57:36] [Server thread/INFO] (Minecraft) System chat: Teleported Player0 to 0.500000, 150.000000, 0.500000
[12:57:36] [Server thread/INFO] (Minecraft) System chat: Replaced 1 slot(s) on Player0 with [Shotgun]
[12:57:44] [Server thread/INFO] (Minecraft) System chat: Summoned new Zombie
[12:57:45] [Render thread/INFO] (Gunsmithing) [smoke] shotgun: before attack: held cgs:shotgun ammo 2 shooting false reloading false screen null
[12:57:49] [Test thread/INFO] (Gunsmithing) [smoke] shotgun: entities seen [experience_orb, item, player, projectile, zombie]
[12:57:49] [Render thread/INFO] (Gunsmithing) [smoke] shotgun: after attack: held cgs:shotgun ammo 2 shooting false reloading false screen null
[12:57:49] [Server thread/INFO] (Minecraft) System chat: Killed 3 entities
[12:57:49] [Server thread/INFO] (Minecraft) System chat: Target has no effects to remove
[12:57:49] [Server thread/INFO] (Minecraft) System chat: No entity was found
[12:57:49] [Server thread/INFO] (Minecraft) System chat: No blocks were filled
[12:57:49] [Server thread/INFO] (Minecraft) System chat: Successfully filled 77 block(s)
[12:57:49] [Server thread/INFO] (Minecraft) System chat: Successfully filled 77 block(s)
[12:57:49] [Server thread/INFO] (Minecraft) System chat: Teleported Player0 to 0.500000, 150.000000, 0.500000
[12:57:50] [Server thread/INFO] (Minecraft) System chat: Replaced 1 slot(s) on Player0 with [Nailgun]
[12:57:57] [Server thread/INFO] (Minecraft) System chat: Summoned new Zombie
[12:57:58] [Render thread/INFO] (Gunsmithing) [smoke] nailgun: before attack: held cgs:nailgun ammo 40 shooting false reloading false screen null
[12:58:02] [Test thread/INFO] (Gunsmithing) [smoke] nailgun: entities seen [experience_orb, item, nail, player, zombie]
[12:58:02] [Render thread/INFO] (Gunsmithing) [smoke] nailgun: after attack: held cgs:nailgun ammo 40 shooting false reloading false screen null
[12:58:02] [Server thread/INFO] (Minecraft) System chat: Killed 14 entities
[12:58:02] [Server thread/INFO] (Minecraft) System chat: Target has no effects to remove
[12:58:02] [Server thread/INFO] (Minecraft) System chat: No entity was found
[12:58:02] [Server thread/INFO] (Minecraft) System chat: No blocks were filled
[12:58:02] [Server thread/INFO] (Minecraft) System chat: Successfully filled 77 block(s)
[12:58:02] [Server thread/INFO] (Minecraft) System chat: Successfully filled 77 block(s)
[12:58:02] [Server thread/INFO] (Minecraft) System chat: Teleported Player0 to 0.500000, 150.000000, 0.500000
[12:58:03] [Server thread/INFO] (Minecraft) System chat: Replaced 1 slot(s) on Player0 with [Gatling]
[12:58:11] [Server thread/INFO] (Minecraft) System chat: Summoned new Zombie
[12:58:11] [Render thread/INFO] (Gunsmithing) [smoke] gatling: before attack: held cgs:gatling ammo 100 shooting false reloading false screen null
[12:58:15] [Test thread/INFO] (Gunsmithing) [smoke] gatling: entities seen [experience_orb, item, player, projectile, zombie]
[12:58:15] [Render thread/INFO] (Gunsmithing) [smoke] gatling: after attack: held cgs:gatling ammo 100 shooting false reloading false screen null
[12:58:15] [Server thread/INFO] (Minecraft) System chat: Killed 4 entities
[12:58:15] [Server thread/INFO] (Minecraft) System chat: Target has no effects to remove
[12:58:15] [Server thread/INFO] (Minecraft) System chat: No entity was found
[12:58:15] [Server thread/INFO] (Minecraft) System chat: No blocks were filled
[12:58:15] [Server thread/INFO] (Minecraft) System chat: Successfully filled 77 block(s)
[12:58:15] [Server thread/INFO] (Minecraft) System chat: Successfully filled 77 block(s)
[12:58:15] [Server thread/INFO] (Minecraft) System chat: Teleported Player0 to 0.500000, 150.000000, 0.500000
[12:58:16] [Server thread/INFO] (Minecraft) System chat: Replaced 1 slot(s) on Player0 with [Blazegun]
[12:58:24] [Server thread/INFO] (Minecraft) System chat: Summoned new Zombie
[12:58:24] [Render thread/INFO] (Gunsmithing) [smoke] blazegun: before attack: held cgs:blazegun ammo 20000 shooting false reloading false screen null
[12:58:28] [Test thread/INFO] (Gunsmithing) [smoke] blazegun: entities seen [experience_orb, fireball, item, player, zombie]
[12:58:28] [Render thread/INFO] (Gunsmithing) [smoke] blazegun: after attack: held cgs:blazegun ammo 20000 shooting false reloading false screen null
[12:58:28] [Server thread/INFO] (Minecraft) System chat: Killed Rotten Flesh
[12:58:28] [Server thread/INFO] (Minecraft) System chat: Target has no effects to remove
[12:58:29] [Server thread/INFO] (Minecraft) System chat: No entity was found
[12:58:29] [Server thread/INFO] (Minecraft) System chat: No blocks were filled
[12:58:29] [Server thread/INFO] (Minecraft) System chat: Successfully filled 77 block(s)
[12:58:29] [Server thread/INFO] (Minecraft) System chat: Successfully filled 77 block(s)
[12:58:29] [Server thread/INFO] (Minecraft) System chat: Teleported Player0 to 0.500000, 150.000000, 0.500000
[12:58:29] [Server thread/INFO] (Minecraft) System chat: Replaced 1 slot(s) on Player0 with [Launcher]
[12:58:37] [Server thread/INFO] (Minecraft) System chat: Summoned new Zombie
[12:58:37] [Render thread/INFO] (Gunsmithing) [smoke] launcher: before attack: held cgs:launcher ammo 4 shooting false reloading false screen null
[12:58:41] [Test thread/INFO] (Gunsmithing) [smoke] launcher: entities seen [item, player, zombie]
[12:58:41] [Render thread/INFO] (Gunsmithing) [smoke] launcher: after attack: held cgs:launcher ammo 4 shooting false reloading false screen null
[12:58:41] [Server thread/INFO] (Gunsmithing) [smoke] launcher: server entity zombie health 0.4209118 on fire true
[12:58:41] [Server thread/INFO] (Minecraft) System chat: Killed 4 entities
[12:58:41] [Server thread/INFO] (Minecraft) System chat: Target has no effects to remove
[12:58:42] [Server thread/INFO] (Minecraft) System chat: Killed 4 entities
[12:58:42] [Server thread/INFO] (Minecraft) System chat: Successfully filled 39 block(s)
[12:58:42] [Server thread/INFO] (Minecraft) System chat: Successfully filled 77 block(s)
[12:58:42] [Server thread/INFO] (Minecraft) System chat: Successfully filled 77 block(s)
[12:58:42] [Server thread/INFO] (Minecraft) System chat: Teleported Player0 to 0.500000, 150.000000, 0.500000
[12:58:42] [Server thread/INFO] (Minecraft) System chat: Replaced 1 slot(s) on Player0 with [Pneumatic Hammer]
[12:58:50] [Server thread/INFO] (Minecraft) System chat: Summoned new Zombie
[12:58:50] [Render thread/INFO] (Gunsmithing) [smoke] hammer: before attack: held cgs:hammer ammo 900 shooting false reloading false screen null
[12:58:54] [Test thread/INFO] (Gunsmithing) [smoke] hammer: entities seen [player, zombie]
[12:58:54] [Render thread/INFO] (Gunsmithing) [smoke] hammer: after attack: held cgs:hammer ammo 900 shooting false reloading false screen null
[12:58:54] [Server thread/INFO] (Gunsmithing) [smoke] hammer: server entity zombie health 15.059999 on fire true
[12:58:54] [Server thread/INFO] (Minecraft) System chat: Killed Zombie
[12:58:54] [Server thread/INFO] (Minecraft) System chat: Target has no effects to remove
[12:58:55] [Server thread/INFO] (Minecraft) System chat: Killed 4 entities
[12:58:55] [Server thread/INFO] (Minecraft) System chat: No blocks were filled
[12:58:55] [Server thread/INFO] (Minecraft) System chat: Successfully filled 77 block(s)
[12:58:55] [Server thread/INFO] (Minecraft) System chat: Successfully filled 77 block(s)
[12:58:55] [Server thread/INFO] (Minecraft) System chat: Teleported Player0 to 0.500000, 150.000000, 0.500000
[12:58:55] [Server thread/INFO] (Minecraft) System chat: Replaced 1 slot(s) on Player0 with [Frag Grenade]
[12:59:03] [Server thread/INFO] (Minecraft) System chat: Summoned new Zombie
[12:59:03] [Render thread/INFO] (Gunsmithing) [smoke] frag_grenade: before attack: held cgs:frag_grenade ammo 0 shooting false reloading false screen null
[12:59:08] [Test thread/INFO] (Gunsmithing) [smoke] frag_grenade: entities seen [player, throwable_grenade, zombie]
[12:59:08] [Render thread/INFO] (Gunsmithing) [smoke] frag_grenade: after attack: held cgs:frag_grenade ammo 0 shooting false reloading false screen null
[12:59:08] [Server thread/INFO] (Gunsmithing) [smoke] frag_grenade: server entity zombie health 16.06 on fire true
[12:59:08] [Server thread/INFO] (Minecraft) System chat: Killed 2 entities
[12:59:08] [Server thread/INFO] (Minecraft) System chat: Target has no effects to remove
[12:59:08] [Server thread/INFO] (Minecraft) System chat: Killed 2 entities
[12:59:08] [Server thread/INFO] (Minecraft) System chat: No blocks were filled
[12:59:08] [Server thread/INFO] (Minecraft) System chat: Successfully filled 77 block(s)
[12:59:08] [Server thread/INFO] (Minecraft) System chat: Successfully filled 77 block(s)
[12:59:08] [Server thread/INFO] (Minecraft) System chat: Teleported Player0 to 0.500000, 150.000000, 0.500000
[12:59:08] [Server thread/INFO] (Minecraft) System chat: Replaced 1 slot(s) on Player0 with [Revolver]
[12:59:09] [Server thread/INFO] (Minecraft) System chat: Set Player0's game mode to Survival Mode
[12:59:09] [Server thread/INFO] (Minecraft) System chat: Gave 20 [Revolver Round] to Player0
[12:59:09] [Render thread/INFO] (Minecraft) [System] [CHAT] Your game mode has been updated to Survival Mode
[12:59:09] [Render thread/INFO] (Gunsmithing) [smoke] survival: before reload, rounds 20: held cgs:revolver ammo 0 shooting false reloading false screen null
[12:59:30] [Render thread/INFO] (Gunsmithing) [smoke] survival: after reload, rounds 14: held cgs:revolver ammo 6 shooting false reloading false screen null
[12:59:35] [Render thread/INFO] (Gunsmithing) [smoke] survival: after three shots, rounds 14: held cgs:revolver ammo 3 shooting false reloading false screen null
[12:59:35] [Server thread/INFO] (Minecraft) System chat: Set Player0's game mode to Creative Mode
[12:59:35] [Server thread/INFO] (Minecraft) System chat: Removed 14 item(s) from player Player0
[12:59:35] [Render thread/INFO] (Minecraft) [System] [CHAT] Your game mode has been updated to Creative Mode
[12:59:35] [Server thread/INFO] (Minecraft) System chat: Killed 3 entities
[12:59:35] [Server thread/INFO] (Minecraft) System chat: No blocks were filled
[12:59:35] [Server thread/INFO] (Minecraft) System chat: Successfully filled 77 block(s)
[12:59:35] [Server thread/INFO] (Minecraft) System chat: Successfully filled 77 block(s)
[12:59:35] [Server thread/INFO] (Minecraft) System chat: Teleported Player0 to 0.500000, 150.000000, 0.500000
[12:59:35] [Server thread/INFO] (Minecraft) System chat: Replaced 1 slot(s) on Player0 with [Revolver]
[12:59:38] [Server thread/INFO] (Minecraft) System chat: No entity was found
[12:59:38] [Server thread/INFO] (Minecraft) System chat: No blocks were filled
[12:59:38] [Server thread/INFO] (Minecraft) System chat: Successfully filled 77 block(s)
[12:59:38] [Server thread/INFO] (Minecraft) System chat: Successfully filled 77 block(s)
[12:59:38] [Server thread/INFO] (Minecraft) System chat: Teleported Player0 to 0.500000, 150.000000, 0.500000
[12:59:38] [Server thread/INFO] (Minecraft) System chat: Replaced 1 slot(s) on Player0 with [Blazegun]
[12:59:38] [Server thread/INFO] (Minecraft) System chat: Replaced 1 slot(s) on Player0 with [Water Bucket]
[12:59:38] [Server thread/INFO] (Minecraft) System chat: Set Player0's game mode to Survival Mode
[12:59:38] [Render thread/INFO] (Minecraft) [System] [CHAT] Your game mode has been updated to Survival Mode
[12:59:38] [Render thread/INFO] (Minecraft) Loaded 50 advancements
[12:59:39] [Render thread/INFO] (Gunsmithing) [smoke] fuel: water before 0 offhand 1 minecraft:water_bucket
[12:59:40] [Render thread/INFO] (Gunsmithing) [smoke] fuel: water after 1000 offhand 0 minecraft:air
[12:59:40] [Server thread/INFO] (Minecraft) System chat: Replaced 1 slot(s) on Player0 with [Gatling]
[12:59:40] [Server thread/INFO] (Minecraft) System chat: Replaced 1 slot(s) on Player0 with [Lava Container]
[12:59:41] [Render thread/INFO] (Gunsmithing) [smoke] fuel: burnable before 0 offhand 1 cgs:tank_lava
[12:59:42] [Render thread/INFO] (Gunsmithing) [smoke] fuel: burnable after 19987 offhand 0 minecraft:air
[12:59:42] [Server thread/INFO] (Minecraft) System chat: Set Player0's game mode to Creative Mode
[12:59:42] [Server thread/INFO] (Minecraft) System chat: Replaced 1 slot(s) on Player0 with [Air]
[12:59:42] [Server thread/INFO] (Minecraft) System chat: No entity was found
[12:59:42] [Render thread/INFO] (Minecraft) [System] [CHAT] Your game mode has been updated to Creative Mode
[12:59:43] [Server thread/INFO] (Gunsmithing) [smoke] worldgen: nether chunks around 0,0 {sulfur_ore=233}
[12:59:43] [Server thread/INFO] (Gunsmithing) [smoke] loot: lead_ore mined with an iron pickaxe -> [5 cgs:raw_lead]
[12:59:43] [Server thread/INFO] (Gunsmithing) [smoke] loot: deepslate_lead_ore mined with an iron pickaxe -> [3 cgs:raw_lead]
[12:59:43] [Server thread/INFO] (Gunsmithing) [smoke] loot: sulfur_ore mined with an iron pickaxe -> [4 cgs:sulfur]
[12:59:43] [Server thread/INFO] (Gunsmithing) [smoke] loot: raw_lead_block mined with an iron pickaxe -> [1 cgs:raw_lead_block]
[12:59:43] [Server thread/INFO] (Gunsmithing) [smoke] loot: lead_block mined with an iron pickaxe -> [1 cgs:lead_block]
[12:59:43] [Server thread/INFO] (Gunsmithing) [smoke] loot: steel_block mined with an iron pickaxe -> [1 cgs:steel_block]
[12:59:43] [Server thread/INFO] (Gunsmithing) [smoke] loot: guano_block mined with an iron pickaxe -> [0 minecraft:air]
[12:59:43] [Server thread/INFO] (Gunsmithing) [smoke] fuel: cgs:tank_lava burn time 20000
[12:59:43] [Server thread/INFO] (Gunsmithing) [smoke] fuel: cgs:tank_water burn time 0
[12:59:43] [Server thread/INFO] (Gunsmithing) [smoke] fuel: minecraft:lava_bucket burn time 20000
[12:59:43] [Server thread/INFO] (Gunsmithing) [smoke] tags: lead_ingot [c:ingots, c:ingots/lead]
[12:59:43] [Server thread/INFO] (Gunsmithing) [smoke] tags: steel_ingot [c:ingots, c:ingots/steel]
[12:59:43] [Server thread/INFO] (Gunsmithing) [smoke] tags: lead_nugget [c:nuggets, c:nuggets/lead]
[12:59:43] [Server thread/INFO] (Gunsmithing) [smoke] tags: raw_lead [c:raw_materials, c:raw_materials/lead]
[12:59:43] [Server thread/INFO] (Gunsmithing) [smoke] tags: steel_sheet [c:plates/steel]
[12:59:43] [Server thread/INFO] (Gunsmithing) [smoke] tags: lead_block [c:storage_blocks, c:storage_blocks/lead]
[12:59:43] [Server thread/INFO] (Gunsmithing) [smoke] tags: steel_block [c:storage_blocks, c:storage_blocks/steel]
[12:59:43] [Server thread/INFO] (Gunsmithing) [smoke] tags: raw_lead_block [c:raw_lead/lead, c:storage_blocks, c:storage_blocks/raw_lead]
[12:59:43] [Server thread/INFO] (Gunsmithing) [smoke] tags: lead_ore [c:ores, c:ores/lead, c:ores_in_ground/stone]
[12:59:43] [Server thread/INFO] (Gunsmithing) [smoke] tags: sulfur [c:dusts, c:dusts/sulfur]
[12:59:43] [Server thread/INFO] (Minecraft) System chat: No entity was found
[12:59:43] [Server thread/INFO] (Minecraft) System chat: No blocks were filled
[12:59:43] [Server thread/INFO] (Minecraft) System chat: Successfully filled 77 block(s)
[12:59:43] [Server thread/INFO] (Minecraft) System chat: Successfully filled 77 block(s)
[12:59:43] [Server thread/INFO] (Minecraft) System chat: Teleported Player0 to 0.500000, 150.000000, 0.500000
[12:59:43] [Server thread/WARN] (Minecraft) Can't keep up! Is the server overloaded? Running 2938ms or 58 ticks behind
[12:59:43] [Server thread/INFO] (Minecraft) System chat: Replaced 1 slot(s) on Player0 with [Pneumatic Hammer]
[12:59:43] [Server thread/INFO] (Minecraft) System chat: Set Player0's game mode to Survival Mode
[12:59:43] [Server thread/INFO] (Minecraft) System chat: Gave 1 [Copper Backtank] to Player0
[12:59:43] [Render thread/INFO] (Minecraft) [System] [CHAT] Your game mode has been updated to Survival Mode
[12:59:43] [Render thread/INFO] (Minecraft) Loaded 51 advancements
[12:59:44] [Render thread/INFO] (Gunsmithing) [smoke] air: before reload, tank 600: held cgs:hammer ammo 0 shooting false reloading false screen null
[12:59:50] [Render thread/INFO] (Gunsmithing) [smoke] air: after reload, tank 0: held cgs:hammer ammo 600 shooting false reloading false screen null
[12:59:50] [Server thread/INFO] (Minecraft) System chat: Summoned new Zombie
[12:59:53] [Render thread/INFO] (Gunsmithing) [smoke] air: after a hit, tank 0: held cgs:hammer ammo 600 shooting false reloading false screen null
[12:59:53] [Server thread/INFO] (Gunsmithing) [smoke] air: server entity zombie health 17.06 on fire true
[12:59:53] [Server thread/INFO] (Minecraft) System chat: Set Player0's game mode to Creative Mode
[12:59:53] [Server thread/INFO] (Minecraft) System chat: Removed 1 item(s) from player Player0
[12:59:53] [Render thread/INFO] (Minecraft) [System] [CHAT] Your game mode has been updated to Creative Mode
[12:59:53] [Server thread/INFO] (Minecraft) System chat: Killed Zombie
[12:59:53] [Server thread/INFO] (Minecraft) System chat: No blocks were filled
[12:59:53] [Server thread/INFO] (Minecraft) System chat: Successfully filled 77 block(s)
[12:59:53] [Server thread/INFO] (Minecraft) System chat: Successfully filled 77 block(s)
[12:59:53] [Server thread/INFO] (Minecraft) System chat: Teleported Player0 to 0.500000, 150.000000, 0.500000
[12:59:53] [Server thread/INFO] (Minecraft) System chat: Replaced 1 slot(s) on Player0 with [Pneumatic Hammer]
[13:00:00] [Render thread/INFO] (Gunsmithing) [smoke] hammer_iron: after reload: held cgs:hammer ammo 900 shooting false reloading false screen null
[13:00:00] [Server thread/INFO] (Minecraft) System chat: Successfully filled 9 block(s)
[13:00:02] [Server thread/INFO] (Minecraft) System chat: Player0 has made the advancement [Stone Age]
[13:00:02] [Render thread/INFO] (Minecraft) [System] [CHAT] Player0 has made the advancement [Stone Age]
[13:00:02] [Render thread/INFO] (Minecraft) Loaded 70 advancements
[13:00:03] [Render thread/INFO] (Minecraft) Resizing Dynamic Transforms UBO, capacity limit of 16 reached during a single frame. New capacity will be 32.
[13:00:03] [Server thread/INFO] (Gunsmithing) [smoke] hammer_iron: blocks left of 9: 8 drops [1 minecraft:rotten_flesh]
[13:00:03] [Server thread/INFO] (Minecraft) System chat: Killed Rotten Flesh
[13:00:03] [Server thread/INFO] (Minecraft) System chat: No blocks were filled
[13:00:03] [Server thread/INFO] (Minecraft) System chat: Successfully filled 85 block(s)
[13:00:03] [Server thread/INFO] (Minecraft) System chat: Successfully filled 77 block(s)
[13:00:03] [Server thread/INFO] (Minecraft) System chat: Teleported Player0 to 0.500000, 150.000000, 0.500000
[13:00:03] [Server thread/INFO] (Minecraft) System chat: Replaced 1 slot(s) on Player0 with [Pneumatic Hammer]
[13:00:10] [Render thread/INFO] (Gunsmithing) [smoke] hammer_iron+hammer_chamber: after reload: held cgs:hammer ammo 6 shooting false reloading false screen null
[13:00:10] [Server thread/INFO] (Minecraft) System chat: Successfully filled 9 block(s)
[13:00:13] [Server thread/INFO] (Gunsmithing) [smoke] hammer_iron+hammer_chamber: blocks left of 9: 0 drops [1 minecraft:cobblestone, 2 minecraft:cobblestone]
[13:00:13] [Server thread/INFO] (Minecraft) System chat: Killed 6 entities
[13:00:13] [Server thread/INFO] (Minecraft) System chat: No blocks were filled
[13:00:13] [Server thread/INFO] (Minecraft) System chat: Successfully filled 77 block(s)
[13:00:13] [Server thread/INFO] (Minecraft) System chat: Successfully filled 77 block(s)
[13:00:13] [Server thread/INFO] (Minecraft) System chat: Teleported Player0 to 0.500000, 150.000000, 0.500000
[13:00:13] [Server thread/INFO] (Minecraft) System chat: Replaced 1 slot(s) on Player0 with [Pneumatic Hammer]
[13:00:20] [Render thread/INFO] (Gunsmithing) [smoke] axe_iron: after reload: held cgs:hammer ammo 900 shooting false reloading false screen null
[13:00:20] [Server thread/INFO] (Minecraft) System chat: Successfully filled 9 block(s)
[13:00:23] [Server thread/INFO] (Gunsmithing) [smoke] axe_iron: blocks left of 9: 8 drops [1 minecraft:oak_log]
[13:00:23] [Server thread/INFO] (Minecraft) System chat: Killed Oak Log
[13:00:23] [Server thread/INFO] (Minecraft) System chat: No blocks were filled
[13:00:23] [Server thread/INFO] (Minecraft) System chat: Successfully filled 85 block(s)
[13:00:23] [Server thread/INFO] (Minecraft) System chat: Successfully filled 77 block(s)
[13:00:23] [Server thread/INFO] (Minecraft) System chat: Teleported Player0 to 0.500000, 150.000000, 0.500000
[13:00:23] [Server thread/INFO] (Minecraft) System chat: Changed the block at 0, 150, 3
[13:00:23] [Server thread/INFO] (Minecraft) System chat: Changed the block at 0, 152, 3
[13:00:23] [Server thread/INFO] (Minecraft) System chat: Changed the block at -1, 152, 3
[13:00:23] [Server thread/INFO] (Minecraft) System chat: Summoned new Steel Ingot
[13:00:24] [Render thread/INFO] (Minecraft) OpenGL debug message: id=2, source=SHADER COMPILER, type=OTHER, severity=HIGH, message='11:3(42): warning: `flw_vertexPos' used uninitialized'
[13:00:24] [Render thread/INFO] (Minecraft) OpenGL debug message: id=3, source=SHADER COMPILER, type=OTHER, severity=HIGH, message='11:4(40): warning: `flw_vertexNormal' used uninitialized'
[13:00:24] [Render thread/INFO] (Minecraft) OpenGL debug message: id=4, source=SHADER COMPILER, type=OTHER, severity=HIGH, message='11:8(47): warning: `flw_vertexLight' used uninitialized'
[13:00:24] [Render thread/INFO] (Minecraft) OpenGL debug message: id=5, source=SHADER COMPILER, type=OTHER, severity=HIGH, message='0:24(10): warning: `_flw_uberFogIndex' used uninitialized'
[13:00:24] [Render thread/INFO] (Minecraft) OpenGL debug message: id=6, source=SHADER COMPILER, type=OTHER, severity=HIGH, message='12:3(22): warning: `flw_fragLight' used uninitialized'
[13:00:24] [Render thread/INFO] (Minecraft) OpenGL debug message: id=7, source=SHADER COMPILER, type=OTHER, severity=HIGH, message='12:5(6): warning: `flw_material' used uninitialized'
[13:00:24] [Render thread/INFO] (Minecraft) OpenGL debug message: id=8, source=SHADER COMPILER, type=OTHER, severity=HIGH, message='20:73(6): warning: `flw_material' used uninitialized'
[13:00:24] [Render thread/INFO] (Minecraft) OpenGL debug message: id=9, source=SHADER COMPILER, type=OTHER, severity=HIGH, message='20:75(13): warning: `flw_material' used uninitialized'
[13:00:24] [Render thread/INFO] (Minecraft) OpenGL debug message: id=10, source=SHADER COMPILER, type=OTHER, severity=HIGH, message='20:115(6): warning: `flw_material' used uninitialized'
[13:00:24] [Render thread/INFO] (Minecraft) OpenGL debug message: id=11, source=SHADER COMPILER, type=OTHER, severity=HIGH, message='20:121(6): warning: `flw_material' used uninitialized'
[13:00:24] [Render thread/INFO] (Minecraft) OpenGL debug message: id=12, source=SHADER COMPILER, type=OTHER, severity=HIGH, message='11:6(36): warning: `flw_vertexPos' used uninitialized'
[13:00:24] [Render thread/INFO] (Minecraft) OpenGL debug message: id=13, source=SHADER COMPILER, type=OTHER, severity=HIGH, message='11:9(59): warning: `flw_vertexNormal' used uninitialized'
[13:00:24] [Render thread/INFO] (Minecraft) OpenGL debug message: id=14, source=SHADER COMPILER, type=OTHER, severity=HIGH, message='11:11(53): warning: `flw_vertexLight' used uninitialized'
[13:00:39] [Server thread/INFO] (Gunsmithing) [smoke] press test: Block{create:depot}[waterlogged=false] -> {HeldItem:{Angle:162,InDirection:"down",InSegment:0,Item:{count:1,id:"cgs:steel_sheet"},Offset:0.017592592f,Pos:0.5f,PrevOffset:0.017592592f,PrevPos:0.5f},Inventory:[],components:{}}
[13:00:39] [Server thread/INFO] (Gunsmithing) [smoke] press test: Block{create:mechanical_press}[facing=east] -> {Finished:1b,Mode:1,NeedsUpdate:0b,Network:{AddedStress:8.0f,Capacity:262144.0f,Id:-274877894504L,Size:2,Stress:128.0f},Running:0b,Source:[I;-1,152,3],Speed:16.0f,Ticks:242,components:{}}
[13:00:39] [Server thread/INFO] (Minecraft) System chat: No entity was found
[13:00:39] [Server thread/INFO] (Minecraft) System chat: No blocks were filled
[13:00:39] [Server thread/INFO] (Minecraft) System chat: Successfully filled 80 block(s)
[13:00:39] [Server thread/INFO] (Minecraft) System chat: Successfully filled 77 block(s)
[13:00:39] [Server thread/INFO] (Minecraft) System chat: Teleported Player0 to 0.500000, 150.000000, 0.500000
[13:00:40] [Server thread/INFO] (Minecraft) System chat: Replaced 1 slot(s) on Player0 with [Flintlock]
[13:00:41] [Render thread/INFO] (Gunsmithing) [smoke] attachments: Flintlock {"ntgl:barrel":{count:1,id:"cgs:flintlock_long_barrel"},"ntgl:magazine":{count:1,id:"cgs:flintlock_chambers"},"ntgl:scope":{count:1,id:"cgs:scope"},"ntgl:stock":{count:1,id:"cgs:stock"}}
[13:00:42] [Server thread/INFO] (Minecraft) System chat: No entity was found
[13:00:42] [Server thread/INFO] (Minecraft) System chat: No blocks were filled
[13:00:42] [Server thread/INFO] (Minecraft) System chat: Successfully filled 77 block(s)
[13:00:42] [Server thread/INFO] (Minecraft) System chat: Successfully filled 77 block(s)
[13:00:42] [Server thread/INFO] (Minecraft) System chat: Teleported Player0 to 0.500000, 150.000000, 0.500000
[13:00:42] [Server thread/INFO] (Minecraft) System chat: Replaced 1 slot(s) on Player0 with [Pneumatic Hammer]
[13:00:44] [Render thread/INFO] (Gunsmithing) [smoke] attachments: Pneumatic Hammer {"cgs:head":{count:1,id:"cgs:hammer_iron"},"ntgl:magazine":{count:1,id:"cgs:hammer_chamber"}}
[13:00:45] [Server thread/INFO] (Minecraft) System chat: No entity was found
[13:00:45] [Server thread/INFO] (Minecraft) System chat: No blocks were filled
[13:00:45] [Server thread/INFO] (Minecraft) System chat: Successfully filled 77 block(s)
[13:00:45] [Server thread/INFO] (Minecraft) System chat: Successfully filled 77 block(s)
[13:00:45] [Server thread/INFO] (Minecraft) System chat: Teleported Player0 to 0.500000, 150.000000, 0.500000
[13:00:45] [Server thread/INFO] (Minecraft) System chat: Replaced 1 slot(s) on Player0 with [Pneumatic Hammer]
[13:00:47] [Render thread/INFO] (Gunsmithing) [smoke] attachments: Pneumatic Axe {"cgs:head":{count:1,id:"cgs:axe_diamond"}}
[13:00:48] [Server thread/INFO] (Minecraft) System chat: No entity was found
[13:00:48] [Server thread/INFO] (Minecraft) System chat: No blocks were filled
[13:00:48] [Server thread/INFO] (Minecraft) System chat: Successfully filled 77 block(s)
[13:00:48] [Server thread/INFO] (Minecraft) System chat: Successfully filled 77 block(s)
[13:00:48] [Server thread/INFO] (Minecraft) System chat: Teleported Player0 to 0.500000, 150.000000, 0.500000
[13:00:48] [Server thread/INFO] (Minecraft) System chat: Replaced 1 slot(s) on Player0 with [Gatling]
[13:00:49] [Render thread/INFO] (Gunsmithing) [smoke] attachments: Gatling {"cgs:engine":{count:1,id:"cgs:steam_engine"},"ntgl:magazine":{count:1,id:"cgs:gatling_drum"}}
[13:00:50] [Server thread/INFO] (Minecraft) System chat: No entity was found
[13:00:50] [Server thread/INFO] (Minecraft) System chat: No blocks were filled
[13:00:50] [Server thread/INFO] (Minecraft) System chat: Successfully filled 77 block(s)
[13:00:50] [Server thread/INFO] (Minecraft) System chat: Successfully filled 77 block(s)
[13:00:50] [Server thread/INFO] (Minecraft) System chat: Teleported Player0 to 0.500000, 150.000000, 0.500000
[13:00:51] [Server thread/INFO] (Minecraft) System chat: Replaced 1 slot(s) on Player0 with [Shotgun]
[13:00:52] [Render thread/INFO] (Gunsmithing) [smoke] attachments: Shotgun {"ntgl:barrel":{count:1,id:"cgs:shotgun_long_barrel"},"ntgl:magazine":{count:1,id:"cgs:shotgun_drum"}}
[13:00:53] [Server thread/INFO] (Minecraft) System chat: No entity was found
[13:00:53] [Server thread/INFO] (Minecraft) System chat: No blocks were filled
[13:00:53] [Server thread/INFO] (Minecraft) System chat: Successfully filled 77 block(s)
[13:00:53] [Server thread/INFO] (Minecraft) System chat: Successfully filled 77 block(s)
[13:00:53] [Server thread/INFO] (Minecraft) System chat: Teleported Player0 to 0.500000, 150.000000, 0.500000
[13:00:53] [Server thread/INFO] (Minecraft) System chat: Replaced 1 slot(s) on Player0 with [Launcher]
[13:00:55] [Render thread/INFO] (Gunsmithing) [smoke] attachments: Ballistazooka {"ntgl:magazine":{count:1,id:"cgs:ballistazooka"}}
[13:01:06] [Render thread/INFO] (Gunsmithing) [smoke] ballistazooka: after reload: held cgs:launcher ammo 1 shooting false reloading false screen null
[13:01:06] [Server thread/INFO] (Minecraft) System chat: Summoned new Zombie
[13:01:10] [Test thread/INFO] (Gunsmithing) [smoke] ballistazooka: entities seen [experience_orb, player, spear, zombie]
[13:01:10] [Server thread/INFO] (Minecraft) System chat: Killed 3 entities
[13:01:10] [Server thread/INFO] (Minecraft) System chat: No blocks were filled
[13:01:10] [Server thread/INFO] (Minecraft) System chat: Successfully filled 77 block(s)
[13:01:10] [Server thread/INFO] (Minecraft) System chat: Successfully filled 77 block(s)
[13:01:10] [Server thread/INFO] (Minecraft) System chat: Teleported Player0 to 0.500000, 150.000000, 0.500000
[13:01:10] [Server thread/INFO] (Minecraft) System chat: Replaced 1 slot(s) on Player0 with [Launcher]
[13:01:10] [Server thread/INFO] (Minecraft) System chat: Teleported Player0 to 0.500000, 150.000000, 0.500000
[13:01:22] [Test thread/INFO] (Gunsmithing) [smoke] flight launcher: entities seen [player, rocket]
[13:01:22] [Server thread/INFO] (Minecraft) System chat: Killed entity.cgs.rocket
[13:01:22] [Server thread/INFO] (Minecraft) System chat: No blocks were filled
[13:01:22] [Server thread/INFO] (Minecraft) System chat: Successfully filled 77 block(s)
[13:01:22] [Server thread/INFO] (Minecraft) System chat: Successfully filled 77 block(s)
[13:01:22] [Server thread/INFO] (Minecraft) System chat: Teleported Player0 to 0.500000, 150.000000, 0.500000
[13:01:23] [Server thread/INFO] (Minecraft) System chat: Replaced 1 slot(s) on Player0 with [Launcher]
[13:01:23] [Server thread/INFO] (Minecraft) System chat: Teleported Player0 to 0.500000, 150.000000, 0.500000
[13:01:35] [Test thread/INFO] (Gunsmithing) [smoke] flight launcher+ballistazooka: entities seen [player, spear]
[13:01:35] [Server thread/INFO] (Minecraft) System chat: Killed entity.cgs.spear
[13:01:35] [Server thread/INFO] (Minecraft) System chat: No blocks were filled
[13:01:35] [Server thread/INFO] (Minecraft) System chat: Successfully filled 77 block(s)
[13:01:35] [Server thread/INFO] (Minecraft) System chat: Successfully filled 77 block(s)
[13:01:35] [Server thread/INFO] (Minecraft) System chat: Teleported Player0 to 0.500000, 150.000000, 0.500000
[13:01:35] [Server thread/INFO] (Minecraft) System chat: Replaced 1 slot(s) on Player0 with [Nailgun]
[13:01:36] [Server thread/INFO] (Minecraft) System chat: Teleported Player0 to 0.500000, 150.000000, 0.500000
[13:01:46] [Server thread/WARN] (Minecraft) Can't keep up! Is the server overloaded? Running 2021ms or 40 ticks behind
[13:01:48] [Test thread/INFO] (Gunsmithing) [smoke] flight nailgun: entities seen [nail, player]
[13:01:48] [Server thread/INFO] (Minecraft) System chat: Killed 4 entities
[13:01:48] [Server thread/INFO] (Minecraft) System chat: No blocks were filled
[13:01:48] [Server thread/INFO] (Minecraft) System chat: Successfully filled 77 block(s)
[13:01:48] [Server thread/INFO] (Minecraft) System chat: Successfully filled 77 block(s)
[13:01:48] [Server thread/INFO] (Minecraft) System chat: Teleported Player0 to 0.500000, 150.000000, 0.500000
[13:01:48] [Server thread/INFO] (Minecraft) System chat: Replaced 1 slot(s) on Player0 with [Gatling]
[13:01:48] [Server thread/INFO] (Minecraft) System chat: Teleported Player0 to 0.500000, 150.000000, 0.500000
[13:02:00] [Test thread/INFO] (Gunsmithing) [smoke] flight gatling: entities seen [player, projectile]
[13:02:00] [Server thread/INFO] (Minecraft) System chat: Killed 2 entities
[13:02:00] [Server thread/INFO] (Minecraft) System chat: No blocks were filled
[13:02:00] [Server thread/INFO] (Minecraft) System chat: Successfully filled 77 block(s)
[13:02:00] [Server thread/INFO] (Minecraft) System chat: Successfully filled 77 block(s)
[13:02:00] [Server thread/INFO] (Minecraft) System chat: Teleported Player0 to 0.500000, 150.000000, 0.500000
[13:02:01] [Server thread/INFO] (Minecraft) System chat: Replaced 1 slot(s) on Player0 with [Blazegun]
[13:02:01] [Server thread/INFO] (Minecraft) System chat: Teleported Player0 to 0.500000, 150.000000, 0.500000
[13:02:13] [Test thread/INFO] (Gunsmithing) [smoke] flight blazegun: entities seen [fireball, player]
[13:02:13] [Server thread/INFO] (Minecraft) System chat: Killed 3 entities
[13:02:13] [Server thread/INFO] (Minecraft) System chat: No blocks were filled
[13:02:13] [Server thread/INFO] (Minecraft) System chat: Successfully filled 77 block(s)
[13:02:13] [Server thread/INFO] (Minecraft) System chat: Successfully filled 77 block(s)
[13:02:13] [Server thread/INFO] (Minecraft) System chat: Teleported Player0 to 0.500000, 150.000000, 0.500000
[13:02:13] [Server thread/INFO] (Minecraft) System chat: Replaced 1 slot(s) on Player0 with [Launcher]
[13:02:14] [Server thread/INFO] (Minecraft) System chat: Teleported Player0 to 0.500000, 150.000000, 0.500000
[13:02:24] [Render thread/INFO] (Gunsmithing) [smoke] flying launcher tick 1: rocket age 0 distance 5.343798
[13:02:24] [Render thread/INFO] (Gunsmithing) [smoke] flying launcher tick 2: rocket age 1 distance 9.299885
[13:02:25] [Render thread/INFO] (Gunsmithing) [smoke] flying launcher tick 3: rocket age 2 distance 13.282422
[13:02:25] [Render thread/INFO] (Gunsmithing) [smoke] flying launcher tick 4: rocket age 3 distance 17.272747
[13:02:25] [Server thread/INFO] (Minecraft) System chat: The game is frozen
[13:02:25] [Render thread/INFO] (Gunsmithing) [smoke] frozen launcher: rocket age 4 distance 21.266966 at (0.31396484375, 166.94677734375, 13.347412109375)
[13:02:25] [Render thread/INFO] (Gunsmithing) [smoke] frozen launcher after: rocket age 4 distance 2.9681644
[13:02:25] [Server thread/INFO] (Minecraft) System chat: The game is running normally
[13:02:25] [Server thread/INFO] (Minecraft) System chat: Killed entity.cgs.rocket
[13:02:25] [Server thread/INFO] (Minecraft) System chat: No blocks were filled
[13:02:25] [Server thread/INFO] (Minecraft) System chat: Successfully filled 77 block(s)
[13:02:25] [Server thread/INFO] (Minecraft) System chat: Successfully filled 77 block(s)
[13:02:25] [Server thread/INFO] (Minecraft) System chat: Teleported Player0 to 0.500000, 150.000000, 0.500000
[13:02:25] [Server thread/INFO] (Minecraft) System chat: Replaced 1 slot(s) on Player0 with [Launcher]
[13:02:26] [Server thread/INFO] (Minecraft) System chat: Teleported Player0 to 0.500000, 150.000000, 0.500000
[13:02:36] [Render thread/INFO] (Gunsmithing) [smoke] flying launcher+ballistazooka tick 1: spear age 0 distance 4.3629675
[13:02:36] [Render thread/INFO] (Gunsmithing) [smoke] flying launcher+ballistazooka tick 2: spear age 1 distance 7.276787
[13:02:37] [Render thread/INFO] (Gunsmithing) [smoke] flying launcher+ballistazooka tick 3: spear age 2 distance 10.189867
[13:02:37] [Render thread/INFO] (Gunsmithing) [smoke] flying launcher+ballistazooka tick 4: spear age 3 distance 13.082649
[13:02:37] [Server thread/INFO] (Minecraft) System chat: The game is frozen
[13:02:37] [Render thread/INFO] (Gunsmithing) [smoke] frozen launcher+ballistazooka: spear age 4 distance 15.949615 at (0.487060546875, 162.65576171875, 10.206787109375)
[13:02:37] [Render thread/INFO] (Gunsmithing) [smoke] frozen launcher+ballistazooka after: spear age 4 distance 2.9681644
[13:02:37] [Server thread/INFO] (Minecraft) System chat: The game is running normally
[13:02:37] [Server thread/INFO] (Minecraft) System chat: Killed entity.cgs.spear
[13:02:37] [Server thread/INFO] (Minecraft) System chat: No blocks were filled
[13:02:37] [Server thread/INFO] (Minecraft) System chat: Successfully filled 77 block(s)
[13:02:37] [Server thread/INFO] (Minecraft) System chat: Successfully filled 77 block(s)
[13:02:37] [Server thread/INFO] (Minecraft) System chat: Teleported Player0 to 0.500000, 150.000000, 0.500000
[13:02:37] [Server thread/INFO] (Minecraft) System chat: Replaced 1 slot(s) on Player0 with [Nailgun]
[13:02:38] [Server thread/INFO] (Minecraft) System chat: Teleported Player0 to 0.500000, 150.000000, 0.500000
[13:02:48] [Render thread/INFO] (Gunsmithing) [smoke] flying nailgun tick 1: nail age 0 distance 21.270601
[13:02:48] [Render thread/INFO] (Gunsmithing) [smoke] flying nailgun tick 2: nail age 1 distance 41.258366
[13:02:49] [Render thread/INFO] (Gunsmithing) [smoke] flying nailgun tick 3: nail age 2 distance 61.254116
[13:02:49] [Render thread/INFO] (Gunsmithing) [smoke] flying nailgun tick 3: nail age 0 distance 21.316854
[13:02:49] [Render thread/INFO] (Gunsmithing) [smoke] flying nailgun tick 4: nail age 3 distance 81.25196
[13:02:49] [Render thread/INFO] (Gunsmithing) [smoke] flying nailgun tick 4: nail age 1 distance 41.30608
[13:02:49] [Server thread/INFO] (Minecraft) System chat: The game is frozen
[13:02:49] [Render thread/INFO] (Gunsmithing) [smoke] frozen nailgun: nail age 4 distance 101.250656 at (0.05238443799316883, 228.4935587644577, 64.45511031150818)
[13:02:49] [Render thread/INFO] (Gunsmithing) [smoke] frozen nailgun: nail age 2 distance 39.082703 at (0.7973922993987799, 199.5680409669876, 36.56795072555542)
[13:02:49] [Render thread/INFO] (Gunsmithing) [smoke] frozen nailgun: nail age 0 distance 39.010357 at (0.4778704787604511, 168.6471039056778, 10.991770505905151)
[13:02:49] [Render thread/INFO] (Gunsmithing) [smoke] frozen nailgun after: nail age 4 distance 81.50186
[13:02:49] [Render thread/INFO] (Gunsmithing) [smoke] frozen nailgun after: nail age 2 distance 41.430748
[13:02:49] [Render thread/INFO] (Gunsmithing) [smoke] frozen nailgun after: nail age 0 distance 2.9681644
[13:02:49] [Server thread/INFO] (Minecraft) System chat: The game is running normally
[13:02:49] [Server thread/INFO] (Minecraft) System chat: Killed 3 entities
[13:02:49] [Server thread/INFO] (Minecraft) System chat: No blocks were filled
[13:02:49] [Server thread/INFO] (Minecraft) System chat: Successfully filled 77 block(s)
[13:02:49] [Server thread/INFO] (Minecraft) System chat: Successfully filled 77 block(s)
[13:02:49] [Server thread/INFO] (Minecraft) System chat: Teleported Player0 to 0.500000, 150.000000, 0.500000
[13:02:49] [Server thread/INFO] (Minecraft) System chat: Replaced 1 slot(s) on Player0 with [Revolver]
[13:02:52] [Server thread/INFO] (Minecraft) System chat: No entity was found
[13:02:52] [Server thread/INFO] (Minecraft) System chat: No blocks were filled
[13:02:52] [Server thread/INFO] (Minecraft) System chat: Successfully filled 77 block(s)
[13:02:52] [Server thread/INFO] (Minecraft) System chat: Successfully filled 77 block(s)
[13:02:52] [Server thread/INFO] (Minecraft) System chat: Teleported Player0 to 0.500000, 150.000000, 0.500000
[13:02:52] [Server thread/INFO] (Minecraft) System chat: Replaced 1 slot(s) on Player0 with [Gatling]
[13:02:54] [Server thread/INFO] (Minecraft) System chat: No entity was found
[13:02:54] [Server thread/INFO] (Minecraft) System chat: No blocks were filled
[13:02:54] [Server thread/INFO] (Minecraft) System chat: Successfully filled 77 block(s)
[13:02:54] [Server thread/INFO] (Minecraft) System chat: Successfully filled 77 block(s)
[13:02:54] [Server thread/INFO] (Minecraft) System chat: Teleported Player0 to 0.500000, 150.000000, 0.500000
[13:02:55] [Server thread/INFO] (Minecraft) System chat: Replaced 1 slot(s) on Player0 with [Pneumatic Hammer]
[13:02:57] [Server thread/INFO] (Minecraft) System chat: No entity was found
[13:02:57] [Server thread/INFO] (Minecraft) System chat: No blocks were filled
[13:02:57] [Server thread/INFO] (Minecraft) System chat: Successfully filled 77 block(s)
[13:02:57] [Server thread/INFO] (Minecraft) System chat: Successfully filled 77 block(s)
[13:02:57] [Server thread/INFO] (Minecraft) System chat: Teleported Player0 to 0.500000, 150.000000, 0.500000
[13:02:57] [Server thread/INFO] (Minecraft) System chat: Removed 6 item(s) from player Player0
[13:02:57] [Server thread/INFO] (Minecraft) System chat: Set Player0's game mode to Survival Mode
[13:02:57] [Server thread/INFO] (Minecraft) System chat: Gave 1 [Revolver] to Player0
[13:02:57] [Server thread/INFO] (Minecraft) System chat: Gave 1 [Flintlock] to Player0
[13:02:57] [Server thread/INFO] (Minecraft) System chat: Gave 1 [Shotgun] to Player0
[13:02:57] [Server thread/INFO] (Minecraft) System chat: Gave 1 [Nailgun] to Player0
[13:02:57] [Server thread/INFO] (Minecraft) System chat: Gave 1 [Gatling] to Player0
[13:02:57] [Server thread/INFO] (Minecraft) System chat: Gave 1 [Blazegun] to Player0
[13:02:57] [Server thread/INFO] (Minecraft) System chat: Gave 1 [Launcher] to Player0
[13:02:57] [Server thread/INFO] (Minecraft) System chat: Gave 1 [Pneumatic Hammer] to Player0
[13:02:57] [Server thread/INFO] (Minecraft) System chat: Gave 1 [Frag Grenade] to Player0
[13:02:57] [Server thread/INFO] (Minecraft) System chat: Gave 1 [Scope] to Player0
[13:02:57] [Server thread/INFO] (Minecraft) System chat: Gave 1 [Stock] to Player0
[13:02:57] [Server thread/INFO] (Minecraft) System chat: Gave 1 [Bayonet] to Player0
[13:02:57] [Server thread/INFO] (Minecraft) System chat: Gave 1 [Steam Engine] to Player0
[13:02:57] [Server thread/INFO] (Minecraft) System chat: Gave 1 [Gatling: Drum Magazine] to Player0
[13:02:57] [Server thread/INFO] (Minecraft) System chat: Gave 1 [Iron Hammer Head] to Player0
[13:02:57] [Server thread/INFO] (Minecraft) System chat: Gave 1 [Diamond Axe Head] to Player0
[13:02:57] [Server thread/INFO] (Minecraft) System chat: Gave 1 [Ballistazooka] to Player0
[13:02:57] [Server thread/INFO] (Minecraft) System chat: Gave 1 [Revolver: Chamber Belt] to Player0
[13:02:57] [Server thread/INFO] (Minecraft) System chat: Gave 1 [Revolver Round] to Player0
[13:02:57] [Server thread/INFO] (Minecraft) System chat: Gave 1 [Shotgun Round] to Player0
[13:02:57] [Server thread/INFO] (Minecraft) System chat: Gave 1 [Gatling Round] to Player0
[13:02:57] [Server thread/INFO] (Minecraft) System chat: Gave 1 [Paper Cartridge] to Player0
[13:02:57] [Server thread/INFO] (Minecraft) System chat: Gave 1 [Nail] to Player0
[13:02:57] [Server thread/INFO] (Minecraft) System chat: Gave 1 [Rocket] to Player0
[13:02:57] [Server thread/INFO] (Minecraft) System chat: Gave 1 [Spear] to Player0
[13:02:57] [Server thread/INFO] (Minecraft) System chat: Gave 1 [Lead Balls] to Player0
[13:02:57] [Server thread/INFO] (Minecraft) System chat: Gave 1 [Fluid Container] to Player0
[13:02:57] [Server thread/INFO] (Minecraft) System chat: Gave 1 [Water Container] to Player0
[13:02:57] [Server thread/INFO] (Minecraft) System chat: Gave 1 [Lava Container] to Player0
[13:02:57] [Server thread/INFO] (Minecraft) System chat: Gave 1 [Lead Ingot] to Player0
[13:02:57] [Server thread/INFO] (Minecraft) System chat: Gave 1 [Steel Ingot] to Player0
[13:02:57] [Server thread/INFO] (Minecraft) System chat: Gave 1 [Steel Sheet] to Player0
[13:02:57] [Server thread/INFO] (Minecraft) System chat: Gave 1 [Niter] to Player0
[13:02:57] [Server thread/INFO] (Minecraft) System chat: Gave 1 [Sulfur] to Player0
[13:02:57] [Server thread/INFO] (Minecraft) System chat: Gave 1 [Guano] to Player0
[13:02:57] [Server thread/INFO] (Minecraft) System chat: Gave 1 [Lead Ore] to Player0
[13:02:57] [Server thread/INFO] (Minecraft) System chat: Gave 1 [Deepslate Lead Ore] to Player0
[13:02:57] [Server thread/INFO] (Minecraft) System chat: Gave 1 [Sulfur Ore] to Player0
[13:02:57] [Server thread/INFO] (Minecraft) System chat: Gave 1 [Block Of Raw Lead ] to Player0
[13:02:57] [Server thread/INFO] (Minecraft) System chat: Gave 1 [Block Of Lead] to Player0
[13:02:57] [Server thread/INFO] (Minecraft) System chat: Gave 1 [Block Of Steel] to Player0
[13:02:57] [Server thread/INFO] (Minecraft) System chat: Gave 1 [Gatling Shell Press Form] to Player0
[13:02:57] [Render thread/INFO] (Minecraft) [System] [CHAT] Your game mode has been updated to Survival Mode
[13:02:57] [Render thread/INFO] (Minecraft) Loaded 85 advancements
[13:02:59] [Server thread/INFO] (Minecraft) System chat: Set Player0's game mode to Creative Mode
[13:02:59] [Render thread/INFO] (Minecraft) [System] [CHAT] Your game mode has been updated to Creative Mode
[13:03:00] [Server thread/INFO] (Minecraft) System chat: Killed 6 entities
[13:03:00] [Server thread/INFO] (Minecraft) System chat: No blocks were filled
[13:03:00] [Server thread/INFO] (Minecraft) System chat: Successfully filled 77 block(s)
[13:03:00] [Server thread/INFO] (Minecraft) System chat: Successfully filled 77 block(s)
[13:03:00] [Server thread/INFO] (Minecraft) System chat: Teleported Player0 to 0.500000, 150.000000, 0.500000
[13:03:01] [Server thread/INFO] (Minecraft) System chat: Changed the block at -2, 150, 3
[13:03:01] [Server thread/INFO] (Minecraft) System chat: Changed the block at -1, 150, 3
[13:03:01] [Server thread/INFO] (Minecraft) System chat: Changed the block at 0, 150, 3
[13:03:01] [Server thread/INFO] (Minecraft) System chat: Changed the block at 1, 150, 3
[13:03:01] [Server thread/INFO] (Minecraft) System chat: Changed the block at 2, 150, 3
[13:03:01] [Server thread/INFO] (Minecraft) System chat: Changed the block at -2, 151, 3
[13:03:01] [Server thread/INFO] (Minecraft) System chat: Changed the block at -1, 151, 3
[13:03:01] [Server thread/INFO] (Minecraft) System chat: Summoned new Gatling
[13:03:01] [Server thread/INFO] (Minecraft) System chat: Summoned new Revolver
[13:03:02] [Server thread/INFO] (Minecraft) Player0 lost connection: Disconnected
[13:03:02] [Server thread/INFO] (Minecraft) System chat: Player0 left the game
[13:03:02] [Server thread/INFO] (Minecraft) Stopping singleplayer server as player logged out
[13:03:02] [Server thread/INFO] (Minecraft) Stopping server
[13:03:02] [Server thread/INFO] (Minecraft) Saving players
[13:03:02] [Server thread/INFO] (Minecraft) Saving worlds
[13:03:02] [Server thread/INFO] (Minecraft) Saving chunks for level 'ServerLevel[New World]'/minecraft:overworld
[13:03:02] [Server thread/INFO] (Minecraft) Saving chunks for level 'ServerLevel[New World]'/minecraft:the_nether
[13:03:02] [Server thread/INFO] (Minecraft) Saving chunks for level 'ServerLevel[New World]'/minecraft:the_end
[13:03:04] [Worker-Main-3/INFO] (Minecraft) Loaded 3022 advancements
[13:03:04] [Thread-2/INFO] (Minecraft) Environment: Environment[discoveryUrl=https://discovery.minecraftservices.com/minecraft/client, name=PROD]
[13:03:05] [Worker-Main-3/INFO] (Minecraft) Loaded 3022 advancements
[13:03:05] [Thread-2/INFO] (BiomeModificationImpl) Applied 61 biome modifications to 61 of 67 new biomes in 1.880 ms
[13:03:05] [Server thread/INFO] (Minecraft) Starting minecraft server version 26.3
[13:03:05] [Server thread/INFO] (Minecraft) Loading properties
[13:03:05] [Server thread/INFO] (Minecraft) Default game type: SURVIVAL
[13:03:05] [Server thread/INFO] (Minecraft) Generating keypair
[13:03:05] [Server thread/INFO] (Minecraft) Starting Minecraft server on *:25565
[13:03:05] [Server thread/WARN] (Minecraft) **** SERVER IS RUNNING IN OFFLINE/INSECURE MODE!
[13:03:05] [Server thread/WARN] (Minecraft) The server will make no attempt to authenticate usernames. Beware.
[13:03:05] [Server thread/WARN] (Minecraft) While this makes the game possible to play without internet access, it also opens up the ability for hackers to connect with any username they choose.
[13:03:05] [Server thread/WARN] (Minecraft) To change this, set "online-mode" to "true" in the server.properties file.
[13:03:05] [Server thread/INFO] (Minecraft) Preparing level "world"
[13:03:05] [Server thread/INFO] (Minecraft) Selecting global world spawn...
[13:03:05] [Server thread/INFO] (Minecraft) Loading 0 persistent chunks...
[13:03:05] [Server thread/INFO] (Minecraft) Preparing spawn area: 100%
[13:03:05] [Server thread/INFO] (Minecraft) Time elapsed: 203 ms
[13:03:05] [Server thread/INFO] (Minecraft) Done (0.208s)! For help, type "help"
[13:03:05] [Server thread/INFO] (Minecraft) Saving chunks for level 'ServerLevel[New World]'/minecraft:overworld
[13:03:05] [Server thread/INFO] (Minecraft) Saving chunks for level 'ServerLevel[New World]'/minecraft:the_nether
[13:03:05] [Server thread/INFO] (Minecraft) Saving chunks for level 'ServerLevel[New World]'/minecraft:the_end
[13:03:05] [Server thread/WARN] (TranslationConventionLogWarnings) 
	Dev warning - Untranslated Item Tags detected. Please translate your item tags so other mods such as recipe viewers can properly display your tag's name.
	The format desired is tag.item.<namespace>.<path> for the translation key with slashes in path turned into periods.
	To disable this message, set this system property in your runs: `-Dfabric-tag-conventions-v2.missingTagTranslationWarning=SILENCED`.
	To see individual untranslated item tags found, set the system property to `-Dfabric-tag-conventions-v2.missingTagTranslationWarning=VERBOSE`.
	Default is `SHORT`.

[13:03:06] [Render thread/INFO] (Minecraft) Connecting to localhost, 25565
[13:03:06] [Render thread/INFO] (fabric-client-gametest-api-v1) World loading finished: null screen: net.minecraft.client.gui.screens.ConnectScreen@1d63281
[13:03:06] [Render thread/INFO] (fabric-client-gametest-api-v1) World loading finished: null screen: net.minecraft.client.gui.screens.ConnectScreen@1d63281
[13:03:06] [Render thread/INFO] (fabric-client-gametest-api-v1) World loading finished: null screen: net.minecraft.client.gui.screens.ConnectScreen@1d63281
[13:03:06] [Render thread/INFO] (fabric-client-gametest-api-v1) World loading finished: null screen: net.minecraft.client.gui.screens.ConnectScreen@1d63281
[13:03:07] [Render thread/INFO] (fabric-client-gametest-api-v1) World loading finished: null screen: net.minecraft.client.gui.screens.ConnectScreen@1d63281
[13:03:07] [Render thread/INFO] (fabric-client-gametest-api-v1) World loading finished: null screen: net.minecraft.client.gui.screens.ConnectScreen@1d63281
[13:03:07] [Render thread/INFO] (fabric-client-gametest-api-v1) World loading finished: null screen: net.minecraft.client.gui.screens.ConnectScreen@1d63281
[13:03:07] [Render thread/INFO] (fabric-client-gametest-api-v1) World loading finished: null screen: net.minecraft.client.gui.screens.ConnectScreen@1d63281
[13:03:07] [Render thread/INFO] (fabric-client-gametest-api-v1) World loading finished: null screen: net.minecraft.client.gui.screens.ConnectScreen@1d63281
[13:03:07] [Render thread/INFO] (fabric-client-gametest-api-v1) World loading finished: null screen: net.minecraft.client.gui.screens.ConnectScreen@1d63281
[13:03:07] [Render thread/INFO] (fabric-client-gametest-api-v1) World loading finished: null screen: net.minecraft.client.gui.screens.ConnectScreen@1d63281
[13:03:08] [Render thread/INFO] (fabric-client-gametest-api-v1) World loading finished: null screen: net.minecraft.client.gui.screens.ConnectScreen@1d63281
[13:03:08] [Server thread/INFO] (Minecraft) Player0[/127.0.0.1:48974] logged in with entity id 187 at (0.5, -60.0, 0.5)
[13:03:08] [Server thread/INFO] (Minecraft) System chat: Player0 joined the game
[13:03:08] [Render thread/INFO] (Minecraft) Loaded 2 advancements
[13:03:08] [Render thread/INFO] (fabric-client-gametest-api-v1) World loading finished: ClientLevel screen: net.minecraft.client.gui.screens.LevelLoadingScreen@18b07ed5
[13:03:08] [Render thread/INFO] (fabric-client-gametest-api-v1) World loading finished: ClientLevel screen: net.minecraft.client.gui.screens.LevelLoadingScreen@18b07ed5
[13:03:08] [Render thread/INFO] (fabric-client-gametest-api-v1) World loading finished: ClientLevel screen: net.minecraft.client.gui.screens.LevelLoadingScreen@18b07ed5
[13:03:08] [Server thread/WARN] (Minecraft) Can't keep up! Is the server overloaded? Running 2008ms or 40 ticks behind
[13:03:08] [Render thread/INFO] (fabric-client-gametest-api-v1) World loading finished: ClientLevel screen: net.minecraft.client.gui.screens.LevelLoadingScreen@18b07ed5
[13:03:08] [Render thread/INFO] (fabric-client-gametest-api-v1) World loading finished: ClientLevel screen: null
[13:03:10] [Server thread/INFO] (Minecraft) System chat: Set Player0's game mode to Creative Mode
[13:03:10] [Server thread/INFO] (Minecraft) System chat: Set minecraft:overworld to time marker minecraft:noon
[13:03:10] [Server thread/INFO] (Minecraft) System chat: No entity was found
[13:03:10] [Server thread/INFO] (Minecraft) System chat: Successfully filled 255 block(s)
[13:03:10] [Server thread/INFO] (Minecraft) System chat: No blocks were filled
[13:03:10] [Server thread/INFO] (Minecraft) System chat: Successfully filled 77 block(s)
[13:03:10] [Server thread/INFO] (Minecraft) System chat: Teleported Player0 to 0.500000, 150.000000, 0.500000
[13:03:10] [Render thread/INFO] (Minecraft) [System] [CHAT] Your game mode has been updated to Creative Mode
[13:03:10] [Server thread/INFO] (Minecraft) System chat: No entity was found
[13:03:10] [Server thread/INFO] (Minecraft) System chat: No blocks were filled
[13:03:10] [Server thread/INFO] (Minecraft) System chat: Successfully filled 77 block(s)
[13:03:10] [Server thread/INFO] (Minecraft) System chat: Successfully filled 77 block(s)
[13:03:10] [Server thread/INFO] (Minecraft) System chat: Teleported Player0 to 0.500000, 150.000000, 0.500000
[13:03:11] [Server thread/INFO] (Minecraft) System chat: Replaced 1 slot(s) on Player0 with [Revolver]
[13:03:11] [Render thread/INFO] (Minecraft) Loaded 7 advancements
[13:03:17] [Server thread/INFO] (Minecraft) System chat: Summoned new Zombie
[13:03:21] [Test thread/INFO] (Gunsmithing) [smoke] dedicated revolver: entities seen [player, zombie]
[13:03:21] [Render thread/INFO] (Gunsmithing) [smoke] dedicated revolver: after attack: held cgs:revolver ammo 6 shooting false reloading false screen null
[13:03:21] [Server thread/INFO] (Gunsmithing) [smoke] dedicated revolver: server entity zombie health 8.16 on fire true
[13:03:21] [Server thread/INFO] (Minecraft) System chat: Player0 has made the advancement [Monster Hunter]
[13:03:21] [Server thread/INFO] (Minecraft) System chat: Killed Zombie
[13:03:21] [Render thread/INFO] (Minecraft) [System] [CHAT] Player0 has made the advancement [Monster Hunter]
[13:03:21] [Render thread/INFO] (Minecraft) Loaded 49 advancements
[13:03:21] [Server thread/INFO] (Minecraft) System chat: Killed 4 entities
[13:03:21] [Server thread/INFO] (Minecraft) System chat: No blocks were filled
[13:03:21] [Server thread/INFO] (Minecraft) System chat: Successfully filled 77 block(s)
[13:03:21] [Server thread/INFO] (Minecraft) System chat: Successfully filled 77 block(s)
[13:03:21] [Server thread/INFO] (Minecraft) System chat: Teleported Player0 to 0.500000, 150.000000, 0.500000
[13:03:21] [Server thread/INFO] (Minecraft) System chat: Replaced 1 slot(s) on Player0 with [Launcher]
[13:03:28] [Server thread/INFO] (Minecraft) System chat: Summoned new Zombie
[13:03:31] [Test thread/INFO] (Gunsmithing) [smoke] dedicated launcher: entities seen [item, player, zombie]
[13:03:31] [Render thread/INFO] (Gunsmithing) [smoke] dedicated launcher: after attack: held cgs:launcher ammo 4 shooting false reloading false screen null
[13:03:31] [Server thread/INFO] (Gunsmithing) [smoke] dedicated launcher: server entity zombie health 2.2699642 on fire true
[13:03:31] [Server thread/INFO] (Minecraft) System chat: Killed 4 entities
[13:03:31] [Server thread/INFO] (Minecraft) System chat: Killed 4 entities
[13:03:31] [Server thread/INFO] (Minecraft) System chat: Successfully filled 41 block(s)
[13:03:31] [Server thread/INFO] (Minecraft) System chat: Successfully filled 77 block(s)
[13:03:31] [Server thread/INFO] (Minecraft) System chat: Successfully filled 77 block(s)
[13:03:31] [Server thread/INFO] (Minecraft) System chat: Teleported Player0 to 0.500000, 150.000000, 0.500000
[13:03:32] [Server thread/INFO] (Minecraft) System chat: Replaced 1 slot(s) on Player0 with [Blazegun]
[13:03:38] [Server thread/INFO] (Minecraft) System chat: Summoned new Zombie
[13:03:42] [Test thread/INFO] (Gunsmithing) [smoke] dedicated blazegun: entities seen [experience_orb, fireball, item, player, zombie]
[13:03:42] [Render thread/INFO] (Gunsmithing) [smoke] dedicated blazegun: after attack: held cgs:blazegun ammo 20000 shooting false reloading false screen null
[13:03:42] [Server thread/INFO] (Minecraft) System chat: Killed 2 entities
[13:03:42] [Server thread/INFO] (Minecraft) System chat: No entity was found
[13:03:42] [Server thread/INFO] (Minecraft) System chat: No blocks were filled
[13:03:42] [Server thread/INFO] (Minecraft) System chat: Successfully filled 77 block(s)
[13:03:42] [Server thread/INFO] (Minecraft) System chat: Successfully filled 77 block(s)
[13:03:42] [Server thread/INFO] (Minecraft) System chat: Teleported Player0 to 0.500000, 150.000000, 0.500000
[13:03:42] [Server thread/INFO] (Minecraft) System chat: Replaced 1 slot(s) on Player0 with [Blazegun]
[13:03:43] [Server thread/INFO] (Minecraft) System chat: Replaced 1 slot(s) on Player0 with [Water Bucket]
[13:03:43] [Server thread/INFO] (Minecraft) System chat: Set Player0's game mode to Survival Mode
[13:03:43] [Render thread/INFO] (Minecraft) [System] [CHAT] Your game mode has been updated to Survival Mode
[13:03:43] [Render thread/INFO] (Minecraft) Loaded 50 advancements
[13:03:44] [Render thread/INFO] (Gunsmithing) [smoke] dedicated fuel: water after 1000 offhand 0 minecraft:air
[13:03:44] [Server thread/INFO] (Minecraft) Player0 lost connection: Disconnected
[13:03:44] [Server thread/INFO] (Minecraft) System chat: Player0 left the game
[13:03:44] [Server thread/INFO] (Minecraft) Stopping server
[13:03:44] [Server thread/INFO] (Minecraft) Saving players
[13:03:44] [Server thread/INFO] (Minecraft) Saving worlds
[13:03:45] [Server thread/INFO] (Minecraft) Saving chunks for level 'ServerLevel[New World]'/minecraft:overworld
[13:03:45] [Server thread/INFO] (Minecraft) Saving chunks for level 'ServerLevel[New World]'/minecraft:the_nether
[13:03:45] [Server thread/INFO] (Minecraft) Saving chunks for level 'ServerLevel[New World]'/minecraft:the_end
[13:03:46] [Worker-Main-2/INFO] (Minecraft) Loaded 3022 advancements
[13:03:46] [Render thread/INFO] (fabric-client-gametest-api-v1) World loading finished: null screen: net.minecraft.client.gui.screens.GenericMessageScreen@7415d440
[13:03:46] [Render thread/INFO] (BiomeModificationImpl) Applied 61 biome modifications to 61 of 67 new biomes in 1.444 ms
[13:03:46] [Server thread/INFO] (Minecraft) Starting integrated minecraft server version 26.3
[13:03:46] [Server thread/INFO] (Minecraft) Generating keypair
[13:03:46] [Server thread/INFO] (Minecraft) Selecting global world spawn...
[13:03:48] [Server thread/INFO] (Minecraft) Loading 0 persistent chunks...
[13:03:48] [Server thread/INFO] (Minecraft) Preparing spawn area: 16%
[13:03:48] [Server thread/INFO] (Minecraft) Saving chunks for level 'ServerLevel[New World]'/minecraft:overworld
[13:03:48] [Server thread/INFO] (Minecraft) Saving chunks for level 'ServerLevel[New World]'/minecraft:the_nether
[13:03:48] [Server thread/INFO] (Minecraft) Saving chunks for level 'ServerLevel[New World]'/minecraft:the_end
[13:03:49] [Server thread/WARN] (TranslationConventionLogWarnings) 
	Dev warning - Untranslated Item Tags detected. Please translate your item tags so other mods such as recipe viewers can properly display your tag's name.
	The format desired is tag.item.<namespace>.<path> for the translation key with slashes in path turned into periods.
	To disable this message, set this system property in your runs: `-Dfabric-tag-conventions-v2.missingTagTranslationWarning=SILENCED`.
	To see individual untranslated item tags found, set the system property to `-Dfabric-tag-conventions-v2.missingTagTranslationWarning=VERBOSE`.
	Default is `SHORT`.

[13:03:49] [Render thread/INFO] (fabric-client-gametest-api-v1) World loading finished: null screen: net.minecraft.client.gui.screens.LevelLoadingScreen@290a357d
[13:03:49] [Render thread/INFO] (fabric-client-gametest-api-v1) World loading finished: null screen: net.minecraft.client.gui.screens.LevelLoadingScreen@290a357d
[13:03:49] [Render thread/INFO] (fabric-client-gametest-api-v1) World loading finished: null screen: net.minecraft.client.gui.screens.LevelLoadingScreen@290a357d
[13:03:49] [Server thread/INFO] (Minecraft) Loading 48 chunks for player spawn...
[13:03:49] [Server thread/INFO] (Minecraft) Preparing spawn area: 16%
[13:03:49] [Render thread/INFO] (fabric-client-gametest-api-v1) World loading finished: null screen: net.minecraft.client.gui.screens.LevelLoadingScreen@290a357d
[13:03:49] [Server thread/INFO] (Minecraft) Preparing spawn area: 16%
[13:03:49] [Render thread/INFO] (fabric-client-gametest-api-v1) World loading finished: null screen: net.minecraft.client.gui.screens.LevelLoadingScreen@290a357d
[13:03:49] [Server thread/INFO] (Minecraft) Preparing spawn area: 16%
[13:03:49] [Render thread/INFO] (fabric-client-gametest-api-v1) World loading finished: null screen: net.minecraft.client.gui.screens.LevelLoadingScreen@290a357d
[13:03:49] [Server thread/INFO] (Minecraft) Preparing spawn area: 16%
[13:03:50] [Render thread/INFO] (fabric-client-gametest-api-v1) World loading finished: null screen: net.minecraft.client.gui.screens.LevelLoadingScreen@290a357d
[13:03:50] [Server thread/INFO] (Minecraft) Preparing spawn area: 16%
[13:03:50] [Render thread/INFO] (fabric-client-gametest-api-v1) World loading finished: null screen: net.minecraft.client.gui.screens.LevelLoadingScreen@290a357d
[13:03:50] [Server thread/INFO] (Minecraft) Preparing spawn area: 16%
[13:03:50] [Render thread/INFO] (fabric-client-gametest-api-v1) World loading finished: null screen: net.minecraft.client.gui.screens.LevelLoadingScreen@290a357d
[13:03:50] [Server thread/INFO] (Minecraft) Preparing spawn area: 16%
[13:03:50] [Render thread/INFO] (fabric-client-gametest-api-v1) World loading finished: null screen: net.minecraft.client.gui.screens.LevelLoadingScreen@290a357d
[13:03:50] [Server thread/INFO] (Minecraft) Preparing spawn area: 16%
[13:03:51] [Render thread/INFO] (fabric-client-gametest-api-v1) World loading finished: null screen: net.minecraft.client.gui.screens.LevelLoadingScreen@290a357d
[13:03:51] [Render thread/INFO] (fabric-client-gametest-api-v1) World loading finished: null screen: net.minecraft.client.gui.screens.LevelLoadingScreen@290a357d
[13:03:51] [Server thread/INFO] (Minecraft) Preparing spawn area: 30%
[13:03:51] [Render thread/INFO] (fabric-client-gametest-api-v1) World loading finished: null screen: net.minecraft.client.gui.screens.LevelLoadingScreen@290a357d
[13:03:51] [Render thread/INFO] (fabric-client-gametest-api-v1) World loading finished: null screen: net.minecraft.client.gui.screens.LevelLoadingScreen@290a357d
[13:03:51] [Server thread/WARN] (Minecraft) Can't keep up! Is the server overloaded? Running 2030ms or 40 ticks behind
[13:03:51] [Server thread/INFO] (Minecraft) Preparing spawn area: 30%
[13:03:51] [Render thread/INFO] (fabric-client-gametest-api-v1) World loading finished: null screen: net.minecraft.client.gui.screens.LevelLoadingScreen@290a357d
[13:03:52] [Render thread/INFO] (fabric-client-gametest-api-v1) World loading finished: null screen: net.minecraft.client.gui.screens.LevelLoadingScreen@290a357d
[13:03:52] [Server thread/INFO] (Minecraft) Preparing spawn area: 58%
[13:03:52] [Render thread/INFO] (fabric-client-gametest-api-v1) World loading finished: null screen: net.minecraft.client.gui.screens.LevelLoadingScreen@290a357d
[13:03:52] [Render thread/INFO] (fabric-client-gametest-api-v1) World loading finished: null screen: net.minecraft.client.gui.screens.LevelLoadingScreen@290a357d
[13:03:52] [Render thread/INFO] (fabric-client-gametest-api-v1) World loading finished: null screen: net.minecraft.client.gui.screens.LevelLoadingScreen@290a357d
[13:03:52] [Server thread/INFO] (Minecraft) Preparing spawn area: 58%
[13:03:52] [Render thread/INFO] (fabric-client-gametest-api-v1) World loading finished: null screen: net.minecraft.client.gui.screens.LevelLoadingScreen@290a357d
[13:03:52] [Server thread/INFO] (Minecraft) Time elapsed: 6232 ms
[13:03:52] [Render thread/INFO] (fabric-client-gametest-api-v1) World loading finished: null screen: net.minecraft.client.gui.screens.LevelLoadingScreen@290a357d
[13:03:52] [Server thread/INFO] (Minecraft) Player0[local:E:9b7e6c0e] logged in with entity id 239 at (182.5, 69.0, -168.5)
[13:03:52] [Server thread/INFO] (Minecraft) System chat: Player0 joined the game
[13:03:53] [Server thread/INFO] (Minecraft) Changing view distance to 5, from 10
[13:03:53] [Server thread/INFO] (Minecraft) Changing simulation distance to 12, from 0
[13:03:53] [Render thread/INFO] (Minecraft) Loaded 2 advancements
[13:03:53] [Render thread/INFO] (fabric-client-gametest-api-v1) World loading finished: ClientLevel screen: net.minecraft.client.gui.screens.LevelLoadingScreen@290a357d
[13:03:53] [Render thread/INFO] (fabric-client-gametest-api-v1) World loading finished: ClientLevel screen: net.minecraft.client.gui.screens.LevelLoadingScreen@290a357d
[13:03:53] [Render thread/INFO] (fabric-client-gametest-api-v1) World loading finished: ClientLevel screen: net.minecraft.client.gui.screens.LevelLoadingScreen@290a357d
[13:03:53] [Render thread/INFO] (fabric-client-gametest-api-v1) World loading finished: ClientLevel screen: net.minecraft.client.gui.screens.LevelLoadingScreen@290a357d
[13:03:53] [Render thread/INFO] (fabric-client-gametest-api-v1) World loading finished: ClientLevel screen: net.minecraft.client.gui.screens.LevelLoadingScreen@290a357d
[13:03:54] [Render thread/INFO] (fabric-client-gametest-api-v1) World loading finished: ClientLevel screen: net.minecraft.client.gui.screens.LevelLoadingScreen@290a357d
[13:03:54] [Render thread/INFO] (fabric-client-gametest-api-v1) World loading finished: ClientLevel screen: net.minecraft.client.gui.screens.LevelLoadingScreen@290a357d
[13:03:54] [Render thread/INFO] (fabric-client-gametest-api-v1) World loading finished: ClientLevel screen: null
[13:03:55] [Server thread/INFO] (Gunsmithing) [smoke] worldgen: default world, biome at the player minecraft:forest, 5x5 chunks around the player {deepslate_iron_ore=637, deepslate_lead_ore=847, iron_ore=1328, lead_ore=658, tuff=27862}
[13:03:55] [Server thread/INFO] (Minecraft) Player0 lost connection: Disconnected
[13:03:55] [Server thread/INFO] (Minecraft) System chat: Player0 left the game
[13:03:55] [Server thread/INFO] (Minecraft) Stopping singleplayer server as player logged out
[13:03:55] [Server thread/INFO] (Minecraft) Stopping server
[13:03:55] [Server thread/INFO] (Minecraft) Saving players
[13:03:55] [Server thread/INFO] (Minecraft) Saving worlds
[13:03:55] [Server thread/INFO] (Minecraft) Saving chunks for level 'ServerLevel[New World]'/minecraft:overworld
[13:03:55] [Server thread/INFO] (Minecraft) Saving chunks for level 'ServerLevel[New World]'/minecraft:the_nether
[13:03:55] [Server thread/INFO] (Minecraft) Saving chunks for level 'ServerLevel[New World]'/minecraft:the_end
[13:03:56] [Render thread/INFO] (Minecraft) Stopping!
